word_segment,instances,prominence
,1250,3.7938569867670267
ར་,1228,3.727085103799927
ས་,750,2.276314192060216
དང་,644,1.954595119582372
ལ,522,1.5843146776739103
ལ་,517,1.5691392497268424
ཀྱི་,449,1.362753429646716
ནི་,417,1.2656306907854802
མི་,367,1.1138764113147992
དུ་,362,1.098700983367731
ས,299,0.9074905912346729
ཡིན་,275,0.8346485370887459
དང༌,251,0.761806482942819
གྱི་,237,0.7193152846910282
དེ་,228,0.6919995143863057
ཕྱིར་,213,0.6464732305451013
མ་,206,0.625227631419206
ན་,205,0.6221925458297923
འདི,192,0.5827364331674153
གསུམ་,190,0.5766662619885881
ཞེས་,189,0.5736311763991745
༽༽,189,0.5736311763991745
གི་,172,0.522034721379143
སངས་རྒྱས་,165,0.5007891222532476
རྣམས་,162,0.4916838654850067
ནོ,161,0.488648779895593
རོ,160,0.4856136943061794
སོགས་,159,0.4825786087167658
ཆོས་,157,0.4765084375379386
ནས་,152,0.4613330095908704
ཀྱང་,147,0.44615758164380237
ཡང་,146,0.44312249605438875
ཐམས་ཅད་,145,0.4400874104649751
དེ,143,0.4340172392861478
མེད་,143,0.4340172392861478
སོ,140,0.424911982517907
གཉིས་,136,0.4127716401602526
རྡོ,135,0.40973655457083885
སུ་,132,0.40063129780259804
གཅིག་,130,0.3945611266237708
བཞིན་,127,0.38545586985552993
ཏེ,126,0.3824207842661163
ཡིན་པ,125,0.3793856986767027
ཀྱིས་,121,0.3672453563190482
འང་,106,0.32171907247784387
གྱིས་,106,0.32171907247784387
སེམས་,106,0.32171907247784387
མེད་པ,101,0.30654364453077576
དེ་ལྟར་,96,0.29136821658370765
དོན་,93,0.2822629598154668
གཞན་,88,0.2670875318683987
ཏུ་,88,0.2670875318683987
ཕྱིར,87,0.26405244627898505
གིས་,83,0.25191210392133057
ཡེ་ཤེས་,82,0.24887701833191697
ཡོན་ཏན་,79,0.23977176156367608
ཟེར་,78,0.23673667597426248
འོ,77,0.23370159038484886
ཡོད་,76,0.2306665047954352
ན,73,0.22156124802719437
འདི་,72,0.21852616243778072
ཅེས་,71,0.2154910768483671
ལམ་,69,0.2094209056695399
གསུངས་,68,0.2063858200801263
གང་,68,0.2063858200801263
སྟེ,68,0.2063858200801263
གསུངས་པ,67,0.20335073449071261
འགྱུར་,65,0.1972805633118854
འབྲས་བུ་,63,0.19121039213305815
ཟེར,63,0.19121039213305815
བྱེད་,60,0.1821051353648173
བཞི་,59,0.17907004977540367
བྱང་ཆུབ་,57,0.17299987859657642
ཀུན་,56,0.1699647930071628
དགོས་,56,0.1699647930071628
རྟེན་འབྲེལ་,54,0.16389462182833556
འབྱུང་,54,0.16389462182833556
དབང་,53,0.16085953623892194
འདོད་,53,0.16085953623892194
གསུངས་པ་,52,0.1578244506495083
ཙམ་,52,0.1578244506495083
སེམས་ཅན་,51,0.1547893650600947
མེད་པ་,49,0.14871919388126745
ནི,49,0.14871919388126745
བར་,48,0.14568410829185383
གནས་,48,0.14568410829185383
རྒྱུད་,48,0.14568410829185383
ལུས་,48,0.14568410829185383
སྔགས་,48,0.14568410829185383
རྣམ་པ,47,0.14264902270244023
བྱ,46,0.13961393711302658
རྒྱུ་,46,0.13961393711302658
ལྟར་,45,0.136578851523613
ཉིད་,45,0.136578851523613
རང་,45,0.136578851523613
ཡིན,44,0.13354376593419934
དོ,43,0.13050868034478574
དུས་,43,0.13050868034478574
ཞིང་,43,0.13050868034478574
ལྷན,42,0.1274735947553721
ཅན་,42,0.1274735947553721
ཏེ་,41,0.12443850916595849
ལྔ་,40,0.12140342357654485
འབྱུང་བ་,40,0.12140342357654485
ཐ་དད་,40,0.12140342357654485
དག་,39,0.11836833798713124
བསྟན་པ་,39,0.11836833798713124
ཡི་,38,0.1153332523977176
གཞི་,38,0.1153332523977176
ལྟ་བུ་,38,0.1153332523977176
མཚན་ཉིད་,37,0.112298166808304
ཚོགས་,37,0.112298166808304
བདག་,36,0.10926308121889036
དང་པོ་,36,0.10926308121889036
མཁྱེན་པ,35,0.10622799562947675
རྡོ་རྗེ་,35,0.10622799562947675
ཚུལ་,35,0.10622799562947675
ཞེས་པ,35,0.10622799562947675
ཚུལ་ཁྲིམས་,35,0.10622799562947675
ཡོད་པ,35,0.10622799562947675
མདོ་,35,0.10622799562947675
ལུང་,35,0.10622799562947675
འབྱུང་བ,35,0.10622799562947675
མིན་,34,0.10319291004006315
རྟོགས་པ,34,0.10319291004006315
རྟོགས་,33,0.10015782445064951
སྟེ་,33,0.10015782445064951
རང་བཞིན་,33,0.10015782445064951
བརྟེན་,33,0.10015782445064951
ཅིང་,33,0.10015782445064951
ར,33,0.10015782445064951
ཐེག་པ་,33,0.10015782445064951
རླུང་,33,0.10015782445064951
ཐོབ་,33,0.10015782445064951
མོད,33,0.10015782445064951
བྱ་,33,0.10015782445064951
མཆོག་,32,0.09712273886123589
ཞིག་,32,0.09712273886123589
རྒྱུ་འབྲས་,32,0.09712273886123589
དགེ་བ,32,0.09712273886123589
ཐོབ་པ,32,0.09712273886123589
འཁོར་ལོ་,32,0.09712273886123589
ཁམས་,31,0.09408765327182227
རྟོགས་པ་,31,0.09408765327182227
དེ་བཞིན་,31,0.09408765327182227
ཐབས་,31,0.09408765327182227
ཉོན་མོངས་,31,0.09408765327182227
འཇིག་རྟེན་,30,0.09105256768240864
ལྟ་བུ,30,0.09105256768240864
ཉམས་,30,0.09105256768240864
བཞེད་,30,0.09105256768240864
བསྟན་,29,0.08801748209299502
བྱས་,29,0.08801748209299502
ང་,28,0.0849823965035814
དྲུག་,28,0.0849823965035814
ཞེས་པ་,28,0.0849823965035814
སྣང་བ་,28,0.0849823965035814
རིགས་,28,0.0849823965035814
སྐྱེ་,28,0.0849823965035814
འདོད་པ་,28,0.0849823965035814
བྱུང་,27,0.08194731091416778
དང་པོ,27,0.08194731091416778
ཐུགས་,27,0.08194731091416778
ཐོབ་པ་,27,0.08194731091416778
མཐའ་,27,0.08194731091416778
བྱང་སེམས་,27,0.08194731091416778
དེ་དག་,27,0.08194731091416778
ཕྱག་,26,0.07891222532475416
མེད,26,0.07891222532475416
ལྷ་,26,0.07891222532475416
དགེ་བ་,26,0.07891222532475416
ལོ,26,0.07891222532475416
ཉེས་པ་,26,0.07891222532475416
འགྱུར,26,0.07891222532475416
བསྟན་པ,26,0.07891222532475416
ཁྱད་པར་,26,0.07891222532475416
མཐོང་,26,0.07891222532475416
བུ་,26,0.07891222532475416
བཅུ་,25,0.07587713973534053
རྐྱེན་,25,0.07587713973534053
ནང་,25,0.07587713973534053
ཆེན་པོ,25,0.07587713973534053
ཤེས་,25,0.07587713973534053
གཟུགས་,25,0.07587713973534053
སྟོབས་,25,0.07587713973534053
དེས་ན་,25,0.07587713973534053
བློ་,24,0.07284205414592691
བྱ་བ་,24,0.07284205414592691
རྒྱན་,24,0.07284205414592691
ཡིད་,24,0.07284205414592691
སྔོན་,24,0.07284205414592691
སྐྱེ་བ,24,0.07284205414592691
གནས་པ,24,0.07284205414592691
འགྲོ་བ་,24,0.07284205414592691
བཅས་,24,0.07284205414592691
ས་བོན་,24,0.07284205414592691
རྒྱུན་,24,0.07284205414592691
ཆེན་པོ་,24,0.07284205414592691
གྱུར་པ་,24,0.07284205414592691
དཔེར་ན་,24,0.07284205414592691
སྡུག་བསྔལ་,23,0.06980696855651329
བཅས་པ་,23,0.06980696855651329
སྤོང་,23,0.06980696855651329
སྤྱོད་པ་,23,0.06980696855651329
རབ་,23,0.06980696855651329
ལ་མ་,23,0.06980696855651329
ངེས་,23,0.06980696855651329
བླ་མ་,23,0.06980696855651329
༑,23,0.06980696855651329
སྡོམ་པ་,23,0.06980696855651329
འཇུག་,23,0.06980696855651329
བྲལ་བ,22,0.06677188296709967
མངོན་དུ་,22,0.06677188296709967
རྟེན་,22,0.06677188296709967
སྡེ་སྣོད་,22,0.06677188296709967
ཤེས་རབ་,22,0.06677188296709967
སྐབས་,22,0.06677188296709967
གནད་,22,0.06677188296709967
སློབ་དཔོན་,22,0.06677188296709967
བྱེད་པ,22,0.06677188296709967
ཤིང་,22,0.06677188296709967
ལྡན་,22,0.06677188296709967
ཡུལ་,22,0.06677188296709967
མཐ,21,0.06373679737768605
རྣམ་,21,0.06373679737768605
གཉིས་པ་,21,0.06373679737768605
སྒོམ་,21,0.06373679737768605
ཇི་ལྟར་,21,0.06373679737768605
སྤོང་བ,21,0.06373679737768605
ཡོད་པ་,21,0.06373679737768605
བཞི,21,0.06373679737768605
ཏིང་འཛིན་,21,0.06373679737768605
མཐར་ཐུག་,21,0.06373679737768605
དགོས་པ,21,0.06373679737768605
དབྱེ,21,0.06373679737768605
ཚེ་,21,0.06373679737768605
ཆེན་,21,0.06373679737768605
འདས་,21,0.06373679737768605
སུ,20,0.060701711788272425
སྐུ་,20,0.060701711788272425
མཚན་,20,0.060701711788272425
དུག་,20,0.060701711788272425
སོ་སོ,20,0.060701711788272425
ན་རེ,20,0.060701711788272425
དག་པ,20,0.060701711788272425
འོ་ན་,20,0.060701711788272425
འམ་,20,0.060701711788272425
ཅེས་པ,20,0.060701711788272425
ཁོ་ན,20,0.060701711788272425
ཁོ་ན་,20,0.060701711788272425
སྟོང་,20,0.060701711788272425
ངེས་དོན་,20,0.060701711788272425
བདུན་,20,0.060701711788272425
འགའ་ཞིག་,20,0.060701711788272425
སྙིང་པོ་,19,0.0576666261988588
གཤིས་,19,0.0576666261988588
སྟོང་ཉིད་,19,0.0576666261988588
སོ་,19,0.0576666261988588
གང་ཟག་,19,0.0576666261988588
སྤང་བྱ་,19,0.0576666261988588
འགྱུར་བ,19,0.0576666261988588
ཡིས་,19,0.0576666261988588
ཡང༌,19,0.0576666261988588
བརྟེན་པ,19,0.0576666261988588
ཡང་དག་,19,0.0576666261988588
ཤེས་པ,19,0.0576666261988588
རྒྱུ,19,0.0576666261988588
སྙིང་རྗེ་,19,0.0576666261988588
མེ་,19,0.0576666261988588
འབྲས་བུ,19,0.0576666261988588
གཅིག་པ,18,0.05463154060944518
མཛད་པ་,18,0.05463154060944518
དེ་ཕྱིར་,18,0.05463154060944518
དེ་ཉིད་,18,0.05463154060944518
མཁས་པ་,18,0.05463154060944518
བྱེད་པ་,18,0.05463154060944518
རྩ་བ་,18,0.05463154060944518
སྐྱེས་,18,0.05463154060944518
རྩ་,18,0.05463154060944518
མཐོང་བ,18,0.05463154060944518
རྒྱལ་པོ་,18,0.05463154060944518
རབ་ཏུ་,18,0.05463154060944518
སྐྱེ་བ་,18,0.05463154060944518
ཅི་,18,0.05463154060944518
ལྡན་པ,18,0.05463154060944518
སྡོམ་,18,0.05463154060944518
གཏི་མུག་,18,0.05463154060944518
གྱུར་,18,0.05463154060944518
ཆོ་ག་,18,0.05463154060944518
སྣ་ཚོགས་,17,0.05159645502003157
བདེ་བ,17,0.05159645502003157
མི་དགེ་བ་,17,0.05159645502003157
དང,17,0.05159645502003157
རྟག་,17,0.05159645502003157
རྣམ་སྨིན་,17,0.05159645502003157
གསུངས,17,0.05159645502003157
ཁྱོད་,17,0.05159645502003157
བསམ་,17,0.05159645502003157
ཤིན་ཏུ་,17,0.05159645502003157
འདུལ་བ,17,0.05159645502003157
འདུལ་བ་,17,0.05159645502003157
བདེན་,17,0.05159645502003157
བྱས་པ,17,0.05159645502003157
ཀུན་རྫོབ་,17,0.05159645502003157
གྲུབ་,17,0.05159645502003157
རོ་,16,0.048561369430617944
བརྒྱ་,16,0.048561369430617944
འཚལ་,16,0.048561369430617944
གཞན་དག་,16,0.048561369430617944
གནས་ལུགས་,16,0.048561369430617944
མདོ,16,0.048561369430617944
གྱུར་པ,16,0.048561369430617944
བཤད་,16,0.048561369430617944
དེ་ལས་,16,0.048561369430617944
བརྒྱད་,16,0.048561369430617944
ནས,16,0.048561369430617944
དགེ་སློང་,16,0.048561369430617944
བཅུ་གཉིས་,16,0.048561369430617944
ཉན་ཐོས་,16,0.048561369430617944
བཀའ་,16,0.048561369430617944
འཁོར་བ་,16,0.048561369430617944
སྟོན་པ་,16,0.048561369430617944
སྒོ་,16,0.048561369430617944
ཆོས་སྐུ་,16,0.048561369430617944
རྗེས་,16,0.048561369430617944
རྫོགས་པ,16,0.048561369430617944
དོན་དམ་,16,0.048561369430617944
མཐོང་བ་,16,0.048561369430617944
དགེ་,16,0.048561369430617944
ཞེ་སྡང་,16,0.048561369430617944
འགྲོ་,15,0.04552628384120432
སྟོན་པ,15,0.04552628384120432
བླ་མ,15,0.04552628384120432
རྡོ་རྗེ,15,0.04552628384120432
འཇུག་པ,15,0.04552628384120432
དཀྱིལ་འཁོར་,15,0.04552628384120432
དུ,15,0.04552628384120432
བློ,15,0.04552628384120432
འི,15,0.04552628384120432
ལྟ་བ་,15,0.04552628384120432
ཕྱོགས་,15,0.04552628384120432
གཏན་,15,0.04552628384120432
མྱ་ངན་,15,0.04552628384120432
བྱས་པ་,15,0.04552628384120432
སྣང་,15,0.04552628384120432
ཟབ་,15,0.04552628384120432
འདོད་པ,15,0.04552628384120432
ཡུམ་,15,0.04552628384120432
ཆེ,15,0.04552628384120432
འཁོར་བ,15,0.04552628384120432
བྱུང་བ་,15,0.04552628384120432
མིན་པ,15,0.04552628384120432
སྐྱེས་པ་,15,0.04552628384120432
དགོངས་པ་,14,0.0424911982517907
རྫོགས་,14,0.0424911982517907
ངོ་བོ་,14,0.0424911982517907
སངས་རྒྱས་པ,14,0.0424911982517907
ཡིན་པ་,14,0.0424911982517907
གལ་ཏེ་,14,0.0424911982517907
ཚད་,14,0.0424911982517907
ཁྱབ་པ,14,0.0424911982517907
འཁོར་,14,0.0424911982517907
བདེ་བ་,14,0.0424911982517907
ཉེར་,14,0.0424911982517907
ཆེ་,14,0.0424911982517907
སྐད་ཅིག་,14,0.0424911982517907
ནམ་མཁའ་,14,0.0424911982517907
གྲངས་,14,0.0424911982517907
བསླབ་པ་,14,0.0424911982517907
རག་,14,0.0424911982517907
ཆོས་ཉིད་,14,0.0424911982517907
སྤང་,13,0.03945611266237708
ལྟ་བ,13,0.03945611266237708
བསྒྱུར་,13,0.03945611266237708
མུ་སྟེགས་,13,0.03945611266237708
མཛད་པ,13,0.03945611266237708
སྙམ་,13,0.03945611266237708
སྤོང་བ་,13,0.03945611266237708
ཞིང༌,13,0.03945611266237708
གསུམ་པ་,13,0.03945611266237708
ཤེས་པ་,13,0.03945611266237708
སྒྲུབ་,13,0.03945611266237708
མངོན་རྟོགས་,13,0.03945611266237708
འཛིན་པ་,13,0.03945611266237708
ཆ་,13,0.03945611266237708
འཕགས་པ,13,0.03945611266237708
བདེན་པ་,13,0.03945611266237708
མང་,13,0.03945611266237708
འཛིན་པ,13,0.03945611266237708
གཉིས་ཀ་,13,0.03945611266237708
མི་དགེ་,13,0.03945611266237708
ལྟུང་བ་,13,0.03945611266237708
ཟེར་བ་,13,0.03945611266237708
དམན་པ་,13,0.03945611266237708
ཐལ,13,0.03945611266237708
ཡོངས་སུ་,13,0.03945611266237708
ཕྲིན་ལས་,13,0.03945611266237708
བཞུགས་པ་,13,0.03945611266237708
ཡི,13,0.03945611266237708
ཀྱང༌,13,0.03945611266237708
བསོད་ནམས་,12,0.036421027072963456
དམ་པ,12,0.036421027072963456
བཅུ,12,0.036421027072963456
དཔེ་,12,0.036421027072963456
སྒྲ་,12,0.036421027072963456
འགྲོ་བ,12,0.036421027072963456
འཕགས་པ་,12,0.036421027072963456
སྒྲུབ་པ,12,0.036421027072963456
འབྲེལ་,12,0.036421027072963456
ཐེག་ཆེན་,12,0.036421027072963456
འབའ་ཞིག་,12,0.036421027072963456
རྣམ་པ་,12,0.036421027072963456
བཞག་,12,0.036421027072963456
རྡུལ་,12,0.036421027072963456
ཕུང་པོ་,12,0.036421027072963456
རེ་,12,0.036421027072963456
རིམ་པ་,12,0.036421027072963456
གོང་,12,0.036421027072963456
གསལ་བ,12,0.036421027072963456
རྣལ་འབྱོར་,12,0.036421027072963456
ཆད་པ་,12,0.036421027072963456
འཇུག་པ་,12,0.036421027072963456
ལྟ་,12,0.036421027072963456
ཞེ་ན,12,0.036421027072963456
མཁྱེན་པ་,12,0.036421027072963456
ཚད་མ,12,0.036421027072963456
དགོས་པ་,12,0.036421027072963456
རྒྱ་,12,0.036421027072963456
ཐར་པ་,12,0.036421027072963456
ཆད་,12,0.036421027072963456
སངས་,12,0.036421027072963456
སྲིད་,12,0.036421027072963456
ཅེས་པ་,12,0.036421027072963456
དམྱལ་བ,12,0.036421027072963456
བསམ་པ་,12,0.036421027072963456
གནས་པ་,12,0.036421027072963456
དཀོན་མཆོག་,11,0.033385941483549834
དྲན་པ་,11,0.033385941483549834
གཤེགས་པ་,11,0.033385941483549834
སྟོང་པ་,11,0.033385941483549834
འདས་པ,11,0.033385941483549834
ཞུས་པ,11,0.033385941483549834
མཉམ་,11,0.033385941483549834
རྒྱལ་བ,11,0.033385941483549834
གསང་སྔགས་,11,0.033385941483549834
ཆུ་,11,0.033385941483549834
ཕར་ཕྱིན་,11,0.033385941483549834
འཁོར་ལོ,11,0.033385941483549834
ས་པ་,11,0.033385941483549834
ཕ་རོལ་,11,0.033385941483549834
བསྐུར་,11,0.033385941483549834
འདོད་ཆགས་,11,0.033385941483549834
བྲལ་,11,0.033385941483549834
བཟང་,11,0.033385941483549834
ཚིག་,11,0.033385941483549834
གྲུབ་པ་,11,0.033385941483549834
འདི་དག་,11,0.033385941483549834
གོ,11,0.033385941483549834
རྗེ་,11,0.033385941483549834
བཞེད་པ,11,0.033385941483549834
ངོ་བོ,11,0.033385941483549834
ཆོས་ཅན,11,0.033385941483549834
དུ་མ་,11,0.033385941483549834
དུའང་,11,0.033385941483549834
བསལ་,11,0.033385941483549834
ནུས་,11,0.033385941483549834
རྒྱ་མཚོ་,11,0.033385941483549834
གཅིག་པ་,11,0.033385941483549834
སྲིད་པ,11,0.033385941483549834
དག་པ་,11,0.033385941483549834
ཉན་རང་,11,0.033385941483549834
བཅས་པ,11,0.033385941483549834
འཇམ་དཔལ་,10,0.030350855894136212
རིན་ཆེན་,10,0.030350855894136212
བརྗོད་,10,0.030350855894136212
ལྷན་ཐབས་,10,0.030350855894136212
དྲི་མ་,10,0.030350855894136212
རེ་རེ་,10,0.030350855894136212
སམ་,10,0.030350855894136212
མིན་པ་,10,0.030350855894136212
ཡན་ལག་,10,0.030350855894136212
ངས་,10,0.030350855894136212
ཐ་མ་,10,0.030350855894136212
གྲུབ་མཐའ་,10,0.030350855894136212
ལ་ལ,10,0.030350855894136212
ཕྱག་རྒྱ་,10,0.030350855894136212
རྒྱུ་རྐྱེན་,10,0.030350855894136212
བག་ཆགས་,10,0.030350855894136212
ཤིང༌,10,0.030350855894136212
ལེན་,10,0.030350855894136212
ཀ་,10,0.030350855894136212
གསུམ་པོ་,10,0.030350855894136212
བདེ་,10,0.030350855894136212
དེ་ཡང་,10,0.030350855894136212
ངོ་,10,0.030350855894136212
ལས་མི་,10,0.030350855894136212
སྒྱུ་མ་,10,0.030350855894136212
འགལ་,10,0.030350855894136212
བདེ་གཤེགས་,10,0.030350855894136212
ཐེག་པ,10,0.030350855894136212
འཛིན་,10,0.030350855894136212
བཤད་པ་,10,0.030350855894136212
སྤྱོད་ཡུལ་,10,0.030350855894136212
འགྲུབ་པ,10,0.030350855894136212
སྡུད་པ་,10,0.030350855894136212
སོ་ཐར་,10,0.030350855894136212
སྐྱེ་མཆེད་,10,0.030350855894136212
འགལ་བ,10,0.030350855894136212
སྐུ་གསུམ་,10,0.030350855894136212
མགོན་པོ་,9,0.02731577030472259
ཕྱིན་,9,0.02731577030472259
བས་,9,0.02731577030472259
ཀྱི,9,0.02731577030472259
བཟང་པོ་,9,0.02731577030472259
ཆེད་,9,0.02731577030472259
དེ་ལྟ་,9,0.02731577030472259
མིན,9,0.02731577030472259
ནུས་པ་,9,0.02731577030472259
ས་དེ,9,0.02731577030472259
བདག་ཉིད་,9,0.02731577030472259
ཇི་བཞིན་,9,0.02731577030472259
མ་ཡིན་པ,9,0.02731577030472259
ཅུང་ཟད་,9,0.02731577030472259
གང་ཡང་,9,0.02731577030472259
དེ་སྐད་,9,0.02731577030472259
གནས་མིན་,9,0.02731577030472259
དུས་གསུམ་,9,0.02731577030472259
མཚུངས་པ,9,0.02731577030472259
ལོག་པ,9,0.02731577030472259
ཆུད་,9,0.02731577030472259
སྟོང་པ་ཉིད་,9,0.02731577030472259
གཉིས་ཀ,9,0.02731577030472259
ལྔ,9,0.02731577030472259
མན་ངག་,9,0.02731577030472259
འདུ་ཤེས་,9,0.02731577030472259
སྒོ་གསུམ་,9,0.02731577030472259
ཕྱི་མ་,9,0.02731577030472259
སྡོམ་པ,9,0.02731577030472259
དེ་བཞིན་ཉིད་,9,0.02731577030472259
བཅོམ་ལྡན་འདས་,9,0.02731577030472259
སྙིང་པོ,9,0.02731577030472259
གནས་སྐབས་,9,0.02731577030472259
བསྐྱེད་,9,0.02731577030472259
ཡོད་མེད་,9,0.02731577030472259
དབུ་མ་,9,0.02731577030472259
སྐྱེས་པ,9,0.02731577030472259
མཐོང་ལམ་,9,0.02731577030472259
ལྷན་སྐྱེས་,9,0.02731577030472259
མངོན་སུམ་,9,0.02731577030472259
འདུ་,9,0.02731577030472259
རྣམ་དག་,9,0.02731577030472259
མཐུན་,9,0.02731577030472259
གཞན་དོན་,9,0.02731577030472259
སྡིག་པ་,9,0.02731577030472259
གཙོ་བོ,9,0.02731577030472259
སྤངས་,9,0.02731577030472259
བསྒྲུབ་པ,9,0.02731577030472259
རིམ་བཞིན་,9,0.02731577030472259
དམ་ཚིག་,9,0.02731577030472259
མཉམ་པ,9,0.02731577030472259
སྐྱོན་,9,0.02731577030472259
བསྔོ་བ་,9,0.02731577030472259
ལྡན་པ་,9,0.02731577030472259
བདག་མེད་,9,0.02731577030472259
ཕྲག་,9,0.02731577030472259
གཏོང་བ་,9,0.02731577030472259
གྱིས,9,0.02731577030472259
མཐའ་དག་,9,0.02731577030472259
བསྐྱེད་པ,9,0.02731577030472259
བཟུང་,9,0.02731577030472259
དམྱལ་བ་,9,0.02731577030472259
ངེས་པར་,9,0.02731577030472259
འཁོར་འདས་,9,0.02731577030472259
ཆོས་དབྱིངས་,9,0.02731577030472259
བརྩོན་འགྲུས་,8,0.024280684715308972
མངོན་པར་,8,0.024280684715308972
མཛད་,8,0.024280684715308972
རྒྱལ་བ་,8,0.024280684715308972
བབ་,8,0.024280684715308972
མངོན་,8,0.024280684715308972
གསུང་,8,0.024280684715308972
གཟིགས་པ་,8,0.024280684715308972
ཐུན་མོང་,8,0.024280684715308972
རྒྱུ་ལ་,8,0.024280684715308972
སྲས་,8,0.024280684715308972
ཁ་ཅིག་,8,0.024280684715308972
ཕྱི་,8,0.024280684715308972
འགྲུབ་,8,0.024280684715308972
ཁྲི་,8,0.024280684715308972
སྦྱིན་,8,0.024280684715308972
རྒྱས་པ་,8,0.024280684715308972
མངོན་པ་,8,0.024280684715308972
ཆེ་ཆུང་,8,0.024280684715308972
སྨིན་པ,8,0.024280684715308972
ཆོག་,8,0.024280684715308972
ཚོགས་པ་,8,0.024280684715308972
ཚང་བ,8,0.024280684715308972
ཡང་དག་པ,8,0.024280684715308972
བཞིན,8,0.024280684715308972
ཚངས་པ,8,0.024280684715308972
བླ་,8,0.024280684715308972
རྗེས་སུ་,8,0.024280684715308972
དག,8,0.024280684715308972
སྤྲིན་,8,0.024280684715308972
རྨི་ལམ་,8,0.024280684715308972
སྟེང་,8,0.024280684715308972
གཤེགས་པ,8,0.024280684715308972
ལྡོག་པ་,8,0.024280684715308972
བརྟགས་,8,0.024280684715308972
ལང་,8,0.024280684715308972
རྒྱུ་མཚན་,8,0.024280684715308972
གཟུགས་བརྙན་,8,0.024280684715308972
ཆ,8,0.024280684715308972
བགྲོད་པ་,8,0.024280684715308972
རིང་,8,0.024280684715308972
སོགས,8,0.024280684715308972
བསགས་པ,8,0.024280684715308972
བསགས་,8,0.024280684715308972
སྒྲིབ་པ་,8,0.024280684715308972
ས་དེ་,8,0.024280684715308972
དངོས་,8,0.024280684715308972
ལེགས་པ,8,0.024280684715308972
བསྒོམ་པ་,8,0.024280684715308972
བརྟེན་པ་,8,0.024280684715308972
ཕན་ཡོན་,8,0.024280684715308972
འགྱུར་བ་,8,0.024280684715308972
བསྒོམ་,8,0.024280684715308972
སྦྱར་,8,0.024280684715308972
གཉེན་,8,0.024280684715308972
ལྷ,8,0.024280684715308972
ལྟར,8,0.024280684715308972
འདྲ་བ,8,0.024280684715308972
རྒྱལ་,8,0.024280684715308972
འཕེལ་,8,0.024280684715308972
དགེ་སྡིག་,8,0.024280684715308972
མི་དགེ་བ,8,0.024280684715308972
ཅིག་,8,0.024280684715308972
མི་དགེ,8,0.024280684715308972
འབྲིང་,8,0.024280684715308972
གཏོང་,8,0.024280684715308972
སྦྱོར་,8,0.024280684715308972
གཙོ་བོ་,8,0.024280684715308972
བྱུང་བ,8,0.024280684715308972
རང་གཟུགས་,8,0.024280684715308972
བསྒྱུར་བ,8,0.024280684715308972
རྩ་ལྟུང་,8,0.024280684715308972
ཡེ་,8,0.024280684715308972
མོད་,8,0.024280684715308972
དགེ་རྩ་,8,0.024280684715308972
སྤྱོད་,8,0.024280684715308972
ནོ་,8,0.024280684715308972
བསྒོམ་པ,8,0.024280684715308972
ཟབ་པ,8,0.024280684715308972
འཆང་,8,0.024280684715308972
མཐུ,8,0.024280684715308972
རིག་,7,0.02124559912589535
དབང་ཕྱུག་,7,0.02124559912589535
ཇི་སྙེད་,7,0.02124559912589535
ཁྱེད་,7,0.02124559912589535
ཆོས་རྗེ་,7,0.02124559912589535
ཕན་,7,0.02124559912589535
རང་ཉིད་,7,0.02124559912589535
མཚོན་,7,0.02124559912589535
སོ་སོ་,7,0.02124559912589535
དངོས་པོ་,7,0.02124559912589535
མཉམ་པ་,7,0.02124559912589535
ཞལ་,7,0.02124559912589535
བཞེད་པ་,7,0.02124559912589535
གཟིགས་པ,7,0.02124559912589535
གང་ཞིག་,7,0.02124559912589535
མངའ་,7,0.02124559912589535
ལོ་,7,0.02124559912589535
གདུལ་བྱ་,7,0.02124559912589535
བཞི་པོ་,7,0.02124559912589535
ཆོས་འཁོར་,7,0.02124559912589535
ངེས་པ་,7,0.02124559912589535
བློ་གྲོས་,7,0.02124559912589535
གསང་,7,0.02124559912589535
གསང་བ་,7,0.02124559912589535
བླ,7,0.02124559912589535
གསལ་,7,0.02124559912589535
འདྲེས་པ་,7,0.02124559912589535
ཕལ་ཆེན་,7,0.02124559912589535
འདྲེས་,7,0.02124559912589535
རེ,7,0.02124559912589535
ཕྱི་མ,7,0.02124559912589535
རྟོག་པ,7,0.02124559912589535
བྲམ་ཟེ་,7,0.02124559912589535
བདུད་,7,0.02124559912589535
དྲང་དོན་,7,0.02124559912589535
དགུ་,7,0.02124559912589535
རྣམ་འབྱེད་,7,0.02124559912589535
གཞི,7,0.02124559912589535
ཀྱིས,7,0.02124559912589535
དགོངས་,7,0.02124559912589535
ཐབས་མཁས་,7,0.02124559912589535
ཟླ་བ་,7,0.02124559912589535
དབུ་མ,7,0.02124559912589535
སྟོན་,7,0.02124559912589535
གཤེགས་,7,0.02124559912589535
རྟོག་པ་,7,0.02124559912589535
རྩ་རྒྱུད་,7,0.02124559912589535
བགྲོད་,7,0.02124559912589535
བརྒྱད་པ་,7,0.02124559912589535
སྲིད་པ་,7,0.02124559912589535
དཔེ,7,0.02124559912589535
ཤེས་བྱ,7,0.02124559912589535
དགོས,7,0.02124559912589535
མ་རིག་པ་,7,0.02124559912589535
གཉིས,7,0.02124559912589535
བྱེ་བ་,7,0.02124559912589535
དུད་འགྲོ,7,0.02124559912589535
ལྟ་ཅི་,7,0.02124559912589535
སེམས་བསྐྱེད་,7,0.02124559912589535
བཅད་,7,0.02124559912589535
ཕྱིན་པ་,7,0.02124559912589535
ལུས་ངག་,7,0.02124559912589535
ངན་སོང་,7,0.02124559912589535
བཀག་པ་,7,0.02124559912589535
གནས,7,0.02124559912589535
ཉོན་མོངས་པ,7,0.02124559912589535
ལས་མ་,7,0.02124559912589535
བྲལ་བ་,7,0.02124559912589535
འགྲེལ་བཤད་,7,0.02124559912589535
བཅོ་བརྒྱད་,7,0.02124559912589535
དབུས་,7,0.02124559912589535
སེམས་བསྐྱེད་པ་,7,0.02124559912589535
སྤྲོས་པ་,7,0.02124559912589535
རྣམས,7,0.02124559912589535
སྤྱོད་འཇུག་,7,0.02124559912589535
ཉམས་པ་,7,0.02124559912589535
བར་ཆད་,7,0.02124559912589535
ཆེ་བ,7,0.02124559912589535
༑རྡོ,7,0.02124559912589535
དམ་པ་,7,0.02124559912589535
བསྔོ་བ,7,0.02124559912589535
སངས་རྒྱས་པ་,7,0.02124559912589535
སྒོམ་པ་,7,0.02124559912589535
སྤྲུལ་སྐུ་,7,0.02124559912589535
དད་པ་,7,0.02124559912589535
བཅུ་གཉིས,7,0.02124559912589535
དམ་ཆོས་,6,0.018210513536481728
བཞུགས་,6,0.018210513536481728
མ་རིག་,6,0.018210513536481728
བྱང་ཕྱོགས་,6,0.018210513536481728
གདན་,6,0.018210513536481728
ཟབ་མོ་,6,0.018210513536481728
རོལ་,6,0.018210513536481728
ནོར་,6,0.018210513536481728
གྱི,6,0.018210513536481728
གཅིག,6,0.018210513536481728
དཀའ་བ,6,0.018210513536481728
བསམ་གཏན་,6,0.018210513536481728
སྒྲིབ་,6,0.018210513536481728
རང་རིག་,6,0.018210513536481728
མཉམ་བཞག་,6,0.018210513536481728
ཆགས་,6,0.018210513536481728
བསྒྱུར་བ་,6,0.018210513536481728
མཚུངས་,6,0.018210513536481728
དད་,6,0.018210513536481728
སྐྱོན་ཡོན་,6,0.018210513536481728
ཁྱབ་པ་,6,0.018210513536481728
མཐུན་པ,6,0.018210513536481728
ཚང་,6,0.018210513536481728
བྱེ་བྲག་,6,0.018210513536481728
འདུས་,6,0.018210513536481728
འོག་མ་,6,0.018210513536481728
བསྡུས་པ་,6,0.018210513536481728
བསྟན་བཅོས་,6,0.018210513536481728
ས་འབྲས་བུ་,6,0.018210513536481728
ཀུན་འབྱུང་,6,0.018210513536481728
མཐོ་རིས་,6,0.018210513536481728
གསུམ་པ,6,0.018210513536481728
ཕྲ་བ,6,0.018210513536481728
དགག་སྒྲུབ་,6,0.018210513536481728
སྔ་མ་,6,0.018210513536481728
ཐག་,6,0.018210513536481728
ལེན་པ,6,0.018210513536481728
རུང་,6,0.018210513536481728
སྨྲ་,6,0.018210513536481728
བཞག་པ་,6,0.018210513536481728
རྒྱ,6,0.018210513536481728
མོ,6,0.018210513536481728
ངམ་,6,0.018210513536481728
འམ,6,0.018210513536481728
འཕགས་,6,0.018210513536481728
ལགས་,6,0.018210513536481728
སྡེ་,6,0.018210513536481728
ཁ་,6,0.018210513536481728
གིས,6,0.018210513536481728
ཐེ་ཚོམ་,6,0.018210513536481728
ལས་འབྲས་,6,0.018210513536481728
བསླབ་པ,6,0.018210513536481728
གདོད་,6,0.018210513536481728
ཉམས་ལེན་,6,0.018210513536481728
མ་ཡིན་པ་,6,0.018210513536481728
ཡས་,6,0.018210513536481728
མནར་མེད་,6,0.018210513536481728
ཕྱི་རོལ་,6,0.018210513536481728
མདོ་སྡེ,6,0.018210513536481728
ནུས་པ,6,0.018210513536481728
བསྒྲུབས་པ,6,0.018210513536481728
གང་ཡིན་,6,0.018210513536481728
སྒྲུབ་པ་,6,0.018210513536481728
ས་བཅུ,6,0.018210513536481728
ཤེས་སྒྲིབ་,6,0.018210513536481728
མྱུར་,6,0.018210513536481728
དེ་ནས་,6,0.018210513536481728
རྡོ་,6,0.018210513536481728
གསོ་སྦྱོང་,6,0.018210513536481728
སློབ་མ,6,0.018210513536481728
གནང་,6,0.018210513536481728
ཚད་མ་,6,0.018210513536481728
རྗེས་དཔག་,6,0.018210513536481728
ཅིང༌,6,0.018210513536481728
མངའ་བ,6,0.018210513536481728
བསྡུ་,6,0.018210513536481728
དཔག་མེད་,6,0.018210513536481728
བསྲུངས་,6,0.018210513536481728
འཇིག་,6,0.018210513536481728
བཟོད་པ་,6,0.018210513536481728
ཡོད,6,0.018210513536481728
བསྲུང་བ,6,0.018210513536481728
ས་བཅུ་,6,0.018210513536481728
ལགས,6,0.018210513536481728
ཕྲ་བ་,6,0.018210513536481728
འོང་,6,0.018210513536481728
སྣ་,6,0.018210513536481728
སོང་བ་,6,0.018210513536481728
ཉམས་པ,6,0.018210513536481728
བསྲུང་,6,0.018210513536481728
ཞུས་པ་,6,0.018210513536481728
སྟོང་པ,6,0.018210513536481728
དྲན་,6,0.018210513536481728
ལེགས་,6,0.018210513536481728
སྐར་,6,0.018210513536481728
གནད་བསྡུས་,6,0.018210513536481728
རྐང་,6,0.018210513536481728
མང་པོ་,6,0.018210513536481728
གྲུབ་པ,6,0.018210513536481728
དངོས་གཞི་,6,0.018210513536481728
དོན་དམ་པ,6,0.018210513536481728
གྲུབ་བོ,6,0.018210513536481728
མྱོང་,6,0.018210513536481728
མཐོང་ཆོས་,6,0.018210513536481728
བསམ་པ,6,0.018210513536481728
ལེན་པ་,6,0.018210513536481728
ཆད་པ,6,0.018210513536481728
སྦྱིན་པ,6,0.018210513536481728
ཐུན་,6,0.018210513536481728
མི་འགྱུར་བ,6,0.018210513536481728
བླངས་པ,6,0.018210513536481728
ལྷག་པར་,6,0.018210513536481728
བཤད་པ,6,0.018210513536481728
བསྡུས་,6,0.018210513536481728
མཚམས་མེད་,6,0.018210513536481728
འདྲ,6,0.018210513536481728
སྨྲ,6,0.018210513536481728
བཀག་,6,0.018210513536481728
བརྟུལ་ཞུགས་,6,0.018210513536481728
གནོད་པ་,6,0.018210513536481728
སྤྱི་,6,0.018210513536481728
ཐབས་མཁས་པ,6,0.018210513536481728
འོད་,6,0.018210513536481728
མཁས་པ,6,0.018210513536481728
ཞུགས་,6,0.018210513536481728
སེམས་དཔ,6,0.018210513536481728
སྤྱད་པ,6,0.018210513536481728
དེ་བས་ན་,6,0.018210513536481728
བརྒྱད་པ,6,0.018210513536481728
བསྔོ་,6,0.018210513536481728
མོས་གུས་,6,0.018210513536481728
ཕུང་,6,0.018210513536481728
དབང་པོ་,6,0.018210513536481728
ཉིད,6,0.018210513536481728
བརྒྱུད་པ,6,0.018210513536481728
འདས་པ་,6,0.018210513536481728
ལམ་པ་,6,0.018210513536481728
ཚིག་རྐང་,6,0.018210513536481728
རྣམ་རྟོག་,6,0.018210513536481728
རྟོག་,5,0.015175427947068106
གྲོལ་,5,0.015175427947068106
དཔའ་བོ་,5,0.015175427947068106
ལན་,5,0.015175427947068106
བརྒྱ,5,0.015175427947068106
འབྲལ་,5,0.015175427947068106
ལུང་བསྟན་,5,0.015175427947068106
རྡོར་,5,0.015175427947068106
ཀླུ་སྒྲུབ་,5,0.015175427947068106
སྤྲུལ་པ,5,0.015175427947068106
དམན་,5,0.015175427947068106
འདྲ་,5,0.015175427947068106
ཕན་པ,5,0.015175427947068106
ནོར་བུ་,5,0.015175427947068106
བྱ་བ,5,0.015175427947068106
ཇི་ལྟ་བ་,5,0.015175427947068106
མ་ལུས་པ་,5,0.015175427947068106
ཐོས་,5,0.015175427947068106
༈,5,0.015175427947068106
མཐོ་དམན་,5,0.015175427947068106
དུ་མ,5,0.015175427947068106
བསྟན,5,0.015175427947068106
མ་གཏོགས་པ,5,0.015175427947068106
རུང་བ,5,0.015175427947068106
མཉམ་པ་ཉིད་,5,0.015175427947068106
བསྐོར་བ་,5,0.015175427947068106
ཞི་བ,5,0.015175427947068106
སྣོད་,5,0.015175427947068106
མ་ཚང་,5,0.015175427947068106
གཉེན་པོ་,5,0.015175427947068106
གང་རུང་,5,0.015175427947068106
མདོ་སྡེ་,5,0.015175427947068106
རཱ་,5,0.015175427947068106
ཎ་,5,0.015175427947068106
བྱས,5,0.015175427947068106
དགྲ་བཅོམ་པ་,5,0.015175427947068106
ལ་སོགས་,5,0.015175427947068106
མྱང་འདས་,5,0.015175427947068106
སྤང་བ,5,0.015175427947068106
བྱིས་པ་,5,0.015175427947068106
དགོངས་འགྲེལ་,5,0.015175427947068106
ཕྱིན,5,0.015175427947068106
ཐ་མ,5,0.015175427947068106
འཚང་,5,0.015175427947068106
མཆིས་,5,0.015175427947068106
ངེས་པ,5,0.015175427947068106
ཕྱེད་,5,0.015175427947068106
རྒྱས་པ,5,0.015175427947068106
ལྔ་པ,5,0.015175427947068106
རྟག་པ་,5,0.015175427947068106
ཐར་པ,5,0.015175427947068106
ཐུགས་རྗེ་,5,0.015175427947068106
བདེན་པ,5,0.015175427947068106
གྲགས་པ་,5,0.015175427947068106
ཉི་མ,5,0.015175427947068106
གོང་མ་,5,0.015175427947068106
མ,5,0.015175427947068106
བསགས་པ་,5,0.015175427947068106
ཁྱད་,5,0.015175427947068106
རིམ་གྱིས་,5,0.015175427947068106
བསླབ་,5,0.015175427947068106
གྲངས་མེད་,5,0.015175427947068106
རྫས་,5,0.015175427947068106
འོད་ཟེར་,5,0.015175427947068106
འཕྲོ་,5,0.015175427947068106
རང་རྒྱུད་,5,0.015175427947068106
བསྐལ་པ་,5,0.015175427947068106
སོང་,5,0.015175427947068106
བོན་,5,0.015175427947068106
དགེ་སྦྱོང་,5,0.015175427947068106
ཡང་འདི,5,0.015175427947068106
རྣལ་འབྱོར་པ་,5,0.015175427947068106
ཉོན་མོངས་པ་,5,0.015175427947068106
བསྒྲུབ་,5,0.015175427947068106
ཚུན་ཆད་,5,0.015175427947068106
ཞི་གནས་,5,0.015175427947068106
གསུམ,5,0.015175427947068106
འགོད་པ,5,0.015175427947068106
ཤཱ་རི,5,0.015175427947068106
གེགས་,5,0.015175427947068106
སྐྱེ,5,0.015175427947068106
ཚིགས་,5,0.015175427947068106
འདུ་བ,5,0.015175427947068106
བུ་མོ་,5,0.015175427947068106
ཐལ་བ,5,0.015175427947068106
མདོར་ན་,5,0.015175427947068106
ཁོང་,5,0.015175427947068106
འབྲེལ་བ,5,0.015175427947068106
སྣང་བ,5,0.015175427947068106
རང་སེམས་,5,0.015175427947068106
གྲགས་པ,5,0.015175427947068106
བུས་,5,0.015175427947068106
བདེ་སྡུག་,5,0.015175427947068106
བསྒྲུབས་,5,0.015175427947068106
ལྟོས་པ,5,0.015175427947068106
མར་,5,0.015175427947068106
འཕེལ་བ,5,0.015175427947068106
སྤྱོད་པ,5,0.015175427947068106
མི་རྟག་པ,5,0.015175427947068106
རིན་པོ་ཆེ་,5,0.015175427947068106
ཞི་བ་,5,0.015175427947068106
སྤྲུལ་པ་,5,0.015175427947068106
གནང་བ་,5,0.015175427947068106
འཕོས་,5,0.015175427947068106
གཏོང་བ,5,0.015175427947068106
འདོད་ཡོན་,5,0.015175427947068106
ངན་འགྲོ,5,0.015175427947068106
འདྲ་བ་,5,0.015175427947068106
ཀུན་གཞི་,5,0.015175427947068106
ལ་སོགས་པ་,5,0.015175427947068106
སྐྱེ་བོ་,5,0.015175427947068106
སྟོང་ཕྲག་,5,0.015175427947068106
མང་པོ,5,0.015175427947068106
སྨིན་གྲོལ་,5,0.015175427947068106
དྲུག་པ་,5,0.015175427947068106
མིག་,5,0.015175427947068106
སྦྱངས་,5,0.015175427947068106
ཐུབ་,5,0.015175427947068106
ཀུན,5,0.015175427947068106
འགྲུབ་པ་,5,0.015175427947068106
ཟབ་པ་,5,0.015175427947068106
ཆོས་སྐུ,5,0.015175427947068106
གང་དག་,5,0.015175427947068106
ཐ་,5,0.015175427947068106
བུམ་,5,0.015175427947068106
གདམས་ངག་,5,0.015175427947068106
དུས་འཁོར་,5,0.015175427947068106
མཐའ་ཡས་པ,5,0.015175427947068106
མི་ཟད་པ་,5,0.015175427947068106
དགེ་འདུན་,4,0.012140342357654486
དད་པ,4,0.012140342357654486
ཤེར་,4,0.012140342357654486
རྒྱུད་སྡེ་,4,0.012140342357654486
རྒྱ་མཚོ,4,0.012140342357654486
མདོ་སྔགས་,4,0.012140342357654486
གོ་,4,0.012140342357654486
ཚིག་དོན་,4,0.012140342357654486
འགྲེལ་,4,0.012140342357654486
དཀའ,4,0.012140342357654486
རིན་པོ་ཆེ,4,0.012140342357654486
ཐོག་མ,4,0.012140342357654486
བུ,4,0.012140342357654486
བདུན་པ་,4,0.012140342357654486
འཕོ་,4,0.012140342357654486
ཕ་,4,0.012140342357654486
མམ་,4,0.012140342357654486
རྗེས་ཐོབ་,4,0.012140342357654486
ཚོགས་པ,4,0.012140342357654486
མགོན་པོ,4,0.012140342357654486
ཆུད་པ,4,0.012140342357654486
གནས་ཚུལ་,4,0.012140342357654486
བསླུ་བ་,4,0.012140342357654486
འགའ་,4,0.012140342357654486
བཅོམ་ལྡན་འདས,4,0.012140342357654486
༑ཞེས་,4,0.012140342357654486
ལུགས་,4,0.012140342357654486
ཐལ་བ་,4,0.012140342357654486
འོད་སྲུང་,4,0.012140342357654486
ཅེས,4,0.012140342357654486
ཐུགས་བསྐྱེད་,4,0.012140342357654486
མཁན་,4,0.012140342357654486
བཅུད་,4,0.012140342357654486
ཆོས་ཕུང་,4,0.012140342357654486
གང་ཡིན་པ,4,0.012140342357654486
ཇི་སྲིད་,4,0.012140342357654486
གཉེན་པོ,4,0.012140342357654486
པད་དཀར་,4,0.012140342357654486
མཛོད་,4,0.012140342357654486
མངོན་པ,4,0.012140342357654486
ཐུག་,4,0.012140342357654486
རེག་,4,0.012140342357654486
རུ་,4,0.012140342357654486
རྣམ་མཁྱེན་,4,0.012140342357654486
དགྲ་བཅོམ་,4,0.012140342357654486
སུན་,4,0.012140342357654486
ཕུང་པོ,4,0.012140342357654486
སྒྲུབ་བོ,4,0.012140342357654486
གསལ་བ་,4,0.012140342357654486
བསྐོར་བ,4,0.012140342357654486
ན་མ་,4,0.012140342357654486
བཟུང་བ་,4,0.012140342357654486
དབུ་,4,0.012140342357654486
འབྲེལ་བ་,4,0.012140342357654486
ལྡོག་པ,4,0.012140342357654486
འཕགས་ལམ་,4,0.012140342357654486
འགག་པ་,4,0.012140342357654486
ངེས་འབྱུང་,4,0.012140342357654486
གམ་,4,0.012140342357654486
གར་,4,0.012140342357654486
གཅོད་,4,0.012140342357654486
རིག་པ་,4,0.012140342357654486
བར་པ་,4,0.012140342357654486
མ་གཏོགས་,4,0.012140342357654486
མཁའ་འགྲོ་,4,0.012140342357654486
བྱམས་པ,4,0.012140342357654486
འབྱེད་,4,0.012140342357654486
རིགས་པ,4,0.012140342357654486
དེང་སང་,4,0.012140342357654486
ཟུང་འཇུག་,4,0.012140342357654486
ཆུ་ཟླ་,4,0.012140342357654486
ཆུ,4,0.012140342357654486
བྱེད,4,0.012140342357654486
ཐུབ་པ,4,0.012140342357654486
ཇི་སྙེད་པ,4,0.012140342357654486
གོང་མ,4,0.012140342357654486
ཅན,4,0.012140342357654486
སོང་བ,4,0.012140342357654486
ཁ,4,0.012140342357654486
ཉོན་,4,0.012140342357654486
རྒྱུན་མཐ,4,0.012140342357654486
མོ་,4,0.012140342357654486
ཏེ་དེ,4,0.012140342357654486
ནང་པ,4,0.012140342357654486
ཐེག་དམན་,4,0.012140342357654486
བཟང་ངན་,4,0.012140342357654486
སྐྱབས་,4,0.012140342357654486
ལེགས་པ་,4,0.012140342357654486
དོར་,4,0.012140342357654486
སྐབས་མེད་,4,0.012140342357654486
སྨིན་པ་,4,0.012140342357654486
ལྡན,4,0.012140342357654486
དམིགས་པ,4,0.012140342357654486
འཇིག་རྟེན་པ,4,0.012140342357654486
འབྱེད་པ་,4,0.012140342357654486
ཕྱི་རོལ་པ་,4,0.012140342357654486
རོལ་པ་,4,0.012140342357654486
ཟད་,4,0.012140342357654486
དངོས་གྲུབ་,4,0.012140342357654486
འདོད,4,0.012140342357654486
སེམས་དཔའ་,4,0.012140342357654486
ཏེ་སངས་རྒྱས་,4,0.012140342357654486
ཁྱད་མེད་,4,0.012140342357654486
བྱང་,4,0.012140342357654486
བཅུ་དྲུག་,4,0.012140342357654486
ངོ༌,4,0.012140342357654486
འབུམ་,4,0.012140342357654486
ཅི་ཡང་,4,0.012140342357654486
དཔལ་,4,0.012140342357654486
གཟུངས་,4,0.012140342357654486
དྲན་པ,4,0.012140342357654486
ཐ་དད་པ,4,0.012140342357654486
བཅུ་པ་,4,0.012140342357654486
ན་དེ་,4,0.012140342357654486
ཆོས་ཅན་,4,0.012140342357654486
སྐད་ཅིག་མ,4,0.012140342357654486
གནོད་,4,0.012140342357654486
ས་སེམས་,4,0.012140342357654486
ཕྲེང་བ་,4,0.012140342357654486
ཞིང་དེ,4,0.012140342357654486
སྲོག་ཆགས་,4,0.012140342357654486
རྒྱུ་མ་,4,0.012140342357654486
ལྷག་,4,0.012140342357654486
ད་ལྟ་,4,0.012140342357654486
མགོ་,4,0.012140342357654486
བཀོད་པ,4,0.012140342357654486
ངོ,4,0.012140342357654486
གུར་,4,0.012140342357654486
དབང་པོ,4,0.012140342357654486
མཉེས་,4,0.012140342357654486
ཡར་,4,0.012140342357654486
སྲོག་,4,0.012140342357654486
ལྷ་ཆོས་,4,0.012140342357654486
ས་དང་པོ་,4,0.012140342357654486
གྲོལ་བ་,4,0.012140342357654486
བསྐྱེད་རིམ་,4,0.012140342357654486
ཇོ་བོ་,4,0.012140342357654486
སྐུ་གསུང་ཐུགས་,4,0.012140342357654486
དམན་པ,4,0.012140342357654486
ཐལ་,4,0.012140342357654486
སྤྱད་,4,0.012140342357654486
སྨོན་ལམ་,4,0.012140342357654486
རེ་རེ,4,0.012140342357654486
བླང་,4,0.012140342357654486
ཀླུ་,4,0.012140342357654486
རིག་བྱེད་,4,0.012140342357654486
ནམ་,4,0.012140342357654486
འདུལ་,4,0.012140342357654486
བཅོམ་ལྡན་,4,0.012140342357654486
གཙོ་,4,0.012140342357654486
གི,4,0.012140342357654486
ཕུལ་,4,0.012140342357654486
ཕུལ་བ,4,0.012140342357654486
ལྟོས་,4,0.012140342357654486
འདའ་བ,4,0.012140342357654486
ས་བཅུ་པ,4,0.012140342357654486
ལྟུང་བ,4,0.012140342357654486
ཕྲ་,4,0.012140342357654486
དགྲ་,4,0.012140342357654486
སྒོར་,4,0.012140342357654486
ཉེས་མེད་,4,0.012140342357654486
ལོང་བ་,4,0.012140342357654486
དམིགས་,4,0.012140342357654486
བསྐྱེད་པ་,4,0.012140342357654486
སྒྲིབ་པ,4,0.012140342357654486
ལྟུང་,4,0.012140342357654486
བཤེས་གཉེན་,4,0.012140342357654486
འོ་,4,0.012140342357654486
སྨོན་,4,0.012140342357654486
ཆོས་སྤྱོད་,4,0.012140342357654486
ས་བཅུ་པ་,4,0.012140342357654486
ཚོད་,4,0.012140342357654486
མཛད,4,0.012140342357654486
སྐྱོབ་,4,0.012140342357654486
འཕེན་,4,0.012140342357654486
རྫོགས་བྱེད་,4,0.012140342357654486
བཏགས་པ་,4,0.012140342357654486
དཔེར་ན,4,0.012140342357654486
འདོར་བ་,4,0.012140342357654486
བཞི་པ་,4,0.012140342357654486
མི་འཆད་པ,4,0.012140342357654486
འདུ་བྱེད་,4,0.012140342357654486
བྱར་མེད་,4,0.012140342357654486
བླ་མེད་,4,0.012140342357654486
གོ་འཕང་,4,0.012140342357654486
བསྐུར་བ,4,0.012140342357654486
སྤྲད་པ,4,0.012140342357654486
གདན,4,0.012140342357654486
ལྷ་མོ,4,0.012140342357654486
སྒྱུ་མ,4,0.012140342357654486
དཔེ་བྱད་,4,0.012140342357654486
ཕྲག་དོག་,4,0.012140342357654486
ཐིག་ལེ་,4,0.012140342357654486
ལྟ,4,0.012140342357654486
གདུང་,4,0.012140342357654486
རྗེ་བཙུན་,4,0.012140342357654486
ཅེས་བྱ་བ་,4,0.012140342357654486
ཤོ,4,0.012140342357654486
གཞག་,4,0.012140342357654486
འབུམ་ཕྲག་,4,0.012140342357654486
སྣ་ཚོགས་པ,4,0.012140342357654486
ཆད,4,0.012140342357654486
༄༅,3,0.009105256768240864
དབྱར་,3,0.009105256768240864
གཟུགས་སྐུ,3,0.009105256768240864
སངས་རྒྱས,3,0.009105256768240864
ཡིས,3,0.009105256768240864
དབྱུང་,3,0.009105256768240864
གངས་ཅན་,3,0.009105256768240864
འབྲི་,3,0.009105256768240864
སྤྲོས་བྲལ་,3,0.009105256768240864
དབྱངས་,3,0.009105256768240864
དྭངས་,3,0.009105256768240864
སྔོན་ཆད་,3,0.009105256768240864
མེ་ཏོག་,3,0.009105256768240864
བཅུ་པ,3,0.009105256768240864
འདི་ཉིད་,3,0.009105256768240864
ཐུབ་པ་,3,0.009105256768240864
སྣ་ཚོགས,3,0.009105256768240864
དེ་ལྟ,3,0.009105256768240864
སེང་གེ་,3,0.009105256768240864
ཐོག་,3,0.009105256768240864
ཏེ་དེ་ལྟར་,3,0.009105256768240864
སྤང་བ་,3,0.009105256768240864
ཕུན་སུམ་,3,0.009105256768240864
བརྗེད་པ,3,0.009105256768240864
རྨོངས་པ,3,0.009105256768240864
བྱེད་པོ་,3,0.009105256768240864
འདི་ལྟར་,3,0.009105256768240864
དངོས་པོ,3,0.009105256768240864
ཏེ་སྐྱོན་,3,0.009105256768240864
ས་ཆོས་,3,0.009105256768240864
རྫུ་འཕྲུལ་,3,0.009105256768240864
སོཌ་,3,0.009105256768240864
ལྡོག་,3,0.009105256768240864
དོ་,3,0.009105256768240864
དེ་སངས་རྒྱས་,3,0.009105256768240864
གཟུགས་སྐུ་,3,0.009105256768240864
སེལ་,3,0.009105256768240864
༑ལྷན,3,0.009105256768240864
གཟིགས་,3,0.009105256768240864
གཅིག་པུ་,3,0.009105256768240864
ལ་སོགས,3,0.009105256768240864
ཚང་བ་,3,0.009105256768240864
མངོན་བྱང་,3,0.009105256768240864
ཀྱང,3,0.009105256768240864
ས་གང་ཟག་,3,0.009105256768240864
ཡུན་རིང་,3,0.009105256768240864
གསུང་རབ་,3,0.009105256768240864
བཅུ་གཉིས་པོ་,3,0.009105256768240864
བསྙད་,3,0.009105256768240864
སྔ་མ,3,0.009105256768240864
བོག་,3,0.009105256768240864
གོས་པ,3,0.009105256768240864
ག་,3,0.009105256768240864
གནས་དུས་,3,0.009105256768240864
བསྡུས་པ,3,0.009105256768240864
བརྗོད་བྱ་,3,0.009105256768240864
འགོག,3,0.009105256768240864
སྤངས་པ,3,0.009105256768240864
རྣམ་རིག་,3,0.009105256768240864
བར་པ,3,0.009105256768240864
འོག་མིན་,3,0.009105256768240864
གླིང་,3,0.009105256768240864
ཝཱ་,3,0.009105256768240864
མཆིས་པ,3,0.009105256768240864
རྩོད་གཞི,3,0.009105256768240864
ད་ལྟར་,3,0.009105256768240864
རིམ་པ,3,0.009105256768240864
རྒྱལ་པོ,3,0.009105256768240864
གསུང་པ་,3,0.009105256768240864
དགག་,3,0.009105256768240864
ལ་ལུང་,3,0.009105256768240864
གཅོད་པ་,3,0.009105256768240864
ཏེ་དེ་,3,0.009105256768240864
འགལ་བ་,3,0.009105256768240864
ཀཱ་,3,0.009105256768240864
མ་ངེས་པ,3,0.009105256768240864
ཁོ་ན་ཉིད་,3,0.009105256768240864
ངོས་,3,0.009105256768240864
གཞོན་ནུ་,3,0.009105256768240864
རྣ་བ་,3,0.009105256768240864
བག་,3,0.009105256768240864
གཉིས་པ,3,0.009105256768240864
གོང་འོག་,3,0.009105256768240864
ཕབ་པ་,3,0.009105256768240864
རྣམ་ཤེས་,3,0.009105256768240864
ལྷག་པ,3,0.009105256768240864
ཀྱང་འདི,3,0.009105256768240864
ཀླུ,3,0.009105256768240864
བྱིན་རླབས་,3,0.009105256768240864
དྭགས་པོ་,3,0.009105256768240864
སྒོམ་པ,3,0.009105256768240864
ཉག་གཅིག་,3,0.009105256768240864
མན་ཆད་,3,0.009105256768240864
རྒོལ་བ་,3,0.009105256768240864
རང་དོན་,3,0.009105256768240864
མ་གྲུབ་པ,3,0.009105256768240864
རྣམ་འགྲེལ་,3,0.009105256768240864
སྤྱིར་,3,0.009105256768240864
ཕྱི་རོལ་པ,3,0.009105256768240864
རྨོངས་པ་,3,0.009105256768240864
བརྩོན་,3,0.009105256768240864
ལྟ་སྤྱོད་,3,0.009105256768240864
བསྒྲུབ་བྱ་,3,0.009105256768240864
ནང་པ་,3,0.009105256768240864
ཆུང་ངུ་,3,0.009105256768240864
ལེན,3,0.009105256768240864
སྤྱད་པ་,3,0.009105256768240864
འགྲོ,3,0.009105256768240864
མཐོ་བ་,3,0.009105256768240864
དུ་ཡོད་,3,0.009105256768240864
གསེར་,3,0.009105256768240864
སྤྲིང་,3,0.009105256768240864
དགའ་,3,0.009105256768240864
སྔར་,3,0.009105256768240864
མི་མཐུན་པ་,3,0.009105256768240864
འདུས་བྱས་,3,0.009105256768240864
མི་རྟག་པ་,3,0.009105256768240864
སྙིང་རྗེ,3,0.009105256768240864
སྲོག་གཅོད་,3,0.009105256768240864
བཤད,3,0.009105256768240864
དེ་བ,3,0.009105256768240864
མཁའ་,3,0.009105256768240864
བཅུ་གསུམ་,3,0.009105256768240864
ཐ་མལ་,3,0.009105256768240864
བཅུ་གཅིག་,3,0.009105256768240864
རག་པ་,3,0.009105256768240864
ནཱ་,3,0.009105256768240864
ཇོ་བོ,3,0.009105256768240864
ལོག་ལྟ་,3,0.009105256768240864
འདོད་ཆགས,3,0.009105256768240864
ང་རྒྱལ་,3,0.009105256768240864
འོང་བ,3,0.009105256768240864
བཏགས་,3,0.009105256768240864
བདག་པོ་,3,0.009105256768240864
སྨིན་,3,0.009105256768240864
སྟོང་གསུམ་,3,0.009105256768240864
ཞུས་,3,0.009105256768240864
སྦྱོང་བ,3,0.009105256768240864
ཕྲེང་,3,0.009105256768240864
ཉེ་བར་,3,0.009105256768240864
ཀར་,3,0.009105256768240864
ཚོགས་ལམ་,3,0.009105256768240864
ཐེག་,3,0.009105256768240864
མ་ངེས་པ་,3,0.009105256768240864
ལོག་,3,0.009105256768240864
ཟླ་,3,0.009105256768240864
སྒྲོན་,3,0.009105256768240864
བྱོན་,3,0.009105256768240864
འདྲེན་པ་,3,0.009105256768240864
སེར་སྣ,3,0.009105256768240864
གཞོལ་,3,0.009105256768240864
གྲོང་ཁྱེར་,3,0.009105256768240864
སེམས་བསྐྱེད་པ,3,0.009105256768240864
མེ་ལྕེ་,3,0.009105256768240864
འབར་,3,0.009105256768240864
རིང་བ,3,0.009105256768240864
རིགས་པ་,3,0.009105256768240864
དཀ,3,0.009105256768240864
སེམས་བྱུང་,3,0.009105256768240864
སེམས་ལས་,3,0.009105256768240864
བེམ་པོ་,3,0.009105256768240864
སྐྱེས,3,0.009105256768240864
བྱང་ཆུང་,3,0.009105256768240864
སྟེ་དེ་,3,0.009105256768240864
སྟེ་དེ་དག་,3,0.009105256768240864
གཡོས་,3,0.009105256768240864
འཕྲུལ་,3,0.009105256768240864
མ་རིག་པ,3,0.009105256768240864
མཆོག་གྱུར་,3,0.009105256768240864
སྦྱོར་བ་,3,0.009105256768240864
སྡུག་,3,0.009105256768240864
འགགས་པ,3,0.009105256768240864
ས་གཞི་,3,0.009105256768240864
སྐད་ཅིག་མ་,3,0.009105256768240864
སྨྲ་བ,3,0.009105256768240864
བབས་,3,0.009105256768240864
འབངས་,3,0.009105256768240864
ཕལ་ཆེར་,3,0.009105256768240864
མི་ཆོས་,3,0.009105256768240864
ཀ,3,0.009105256768240864
འདའ་,3,0.009105256768240864
ཉེ,3,0.009105256768240864
དུས,3,0.009105256768240864
རྟག་པ,3,0.009105256768240864
ཤས་,3,0.009105256768240864
རྫོགས་པ་,3,0.009105256768240864
འདུག་,3,0.009105256768240864
དབྱེ་,3,0.009105256768240864
སྦྱིན་པ་,3,0.009105256768240864
རྫོགས་རིམ་,3,0.009105256768240864
ལམ་རིམ་,3,0.009105256768240864
ཉེས་དམིགས་,3,0.009105256768240864
སེམས་མ་,3,0.009105256768240864
ཟད་པ་,3,0.009105256768240864
དཀར་པོ་,3,0.009105256768240864
ལས་པ,3,0.009105256768240864
ཆེ་བ་,3,0.009105256768240864
བཤེས་,3,0.009105256768240864
སྨྲས་པ,3,0.009105256768240864
ཤིང་རྩ་,3,0.009105256768240864
སྨན་,3,0.009105256768240864
འཇུག,3,0.009105256768240864
ཞེས,3,0.009105256768240864
རང་བྱུང་,3,0.009105256768240864
མདུན་,3,0.009105256768240864
བསད་པ,3,0.009105256768240864
སློབ་མ་,3,0.009105256768240864
ཐོས་པ,3,0.009105256768240864
མ་སྐྱེས་དགྲ་,3,0.009105256768240864
མ་ནུ,3,0.009105256768240864
མཆོད་པ,3,0.009105256768240864
xཅེས་,3,0.009105256768240864
ངག་,3,0.009105256768240864
སྲུང་བ,3,0.009105256768240864
གནང་བ,3,0.009105256768240864
དམིགས་བསལ་,3,0.009105256768240864
སྡེ་པ་,3,0.009105256768240864
ལུང་སྡེ་བཞི་,3,0.009105256768240864
སྡིག་ལྟུང་,3,0.009105256768240864
མིང་,3,0.009105256768240864
བརྩེ་,3,0.009105256768240864
དཔལ་ལྡན་,3,0.009105256768240864
བུད་མེད་,3,0.009105256768240864
དུ་ཐལ་,3,0.009105256768240864
འབྲང་,3,0.009105256768240864
བརྩམས་པ,3,0.009105256768240864
སྙམ་པ,3,0.009105256768240864
དམ་བཅ,3,0.009105256768240864
སྤང་བླང་,3,0.009105256768240864
དུད་འགྲོ་,3,0.009105256768240864
མཚམས་,3,0.009105256768240864
ཏོ་,3,0.009105256768240864
འཕྲེང་,3,0.009105256768240864
བྱེད་ལས་,3,0.009105256768240864
ཅི་རིགས་,3,0.009105256768240864
དམིགས་པ་,3,0.009105256768240864
གྲོགས་,3,0.009105256768240864
བྱིན་,3,0.009105256768240864
སྐྱེད་,3,0.009105256768240864
ཐུགས་བསྐྱེད་པ་,3,0.009105256768240864
གཞིག་,3,0.009105256768240864
ན་ཚ་,3,0.009105256768240864
འོག་,3,0.009105256768240864
ཉེས་པ,3,0.009105256768240864
བཀོད་,3,0.009105256768240864
ཟིལ་,3,0.009105256768240864
རྒྱ་ཆེན་པོ་,3,0.009105256768240864
ཀུ་,3,0.009105256768240864
རྒྱལ་སྲས་,3,0.009105256768240864
ཟུང་,3,0.009105256768240864
འཆོར་བ,3,0.009105256768240864
ལུང་བསྟན་པ་,3,0.009105256768240864
དཀོན་,3,0.009105256768240864
བརྩེགས་,3,0.009105256768240864
ཤིང་དེ,3,0.009105256768240864
མ་ཟད་,3,0.009105256768240864
ཟ་བ་,3,0.009105256768240864
རྟོགས་ལྡན་,3,0.009105256768240864
པ,3,0.009105256768240864
རྩ་ཤེ,3,0.009105256768240864
དྲུག་པ,3,0.009105256768240864
ཡུལ་ཅན་,3,0.009105256768240864
ཀྱེ་,3,0.009105256768240864
བྱམས་མགོན་,3,0.009105256768240864
བཙན་,3,0.009105256768240864
ཉི་མ་,3,0.009105256768240864
ཕྱིན་པ,3,0.009105256768240864
བརྟེན,3,0.009105256768240864
མཆོག,3,0.009105256768240864
ན་སངས་རྒྱས་,3,0.009105256768240864
བསྔོས་པ,3,0.009105256768240864
མཛད་འཕྲིན་,3,0.009105256768240864
བརྗོད་པ,3,0.009105256768240864
རྣམ་སྣང་,3,0.009105256768240864
ཡང་ན་,3,0.009105256768240864
ཆེས་,3,0.009105256768240864
སྐྱབས་འགྲོ་,3,0.009105256768240864
བདེ་སྟོང་,3,0.009105256768240864
སེམས་ཉིད་,3,0.009105256768240864
ངེས་ཤེས་,3,0.009105256768240864
ཅིང་དེ་,3,0.009105256768240864
ལྔ་པོ་,3,0.009105256768240864
བདེ་མཆོག་,3,0.009105256768240864
ཉམས་མྱོང་,3,0.009105256768240864
ཟག་བཅས་,3,0.009105256768240864
བདེ་ཆེན་,3,0.009105256768240864
རེ་བ་,3,0.009105256768240864
འབྲས་,3,0.009105256768240864
སྨོས་,3,0.009105256768240864
བསྐྱེད་རྫོགས་,3,0.009105256768240864
བསྒོམས་པ་,3,0.009105256768240864
ཡོངས་གྲུབ་,3,0.009105256768240864
བྷུ་,3,0.009105256768240864
ཟླ་བ,3,0.009105256768240864
བརྒྱད་ཅུ་,3,0.009105256768240864
ཟིན་པ,3,0.009105256768240864
མཐའ,3,0.009105256768240864
མཉམ་ཉིད་,3,0.009105256768240864
ཐིག་ལེ,3,0.009105256768240864
གསལ་པོ,3,0.009105256768240864
ཟས་,3,0.009105256768240864
ལྷག་པ་,3,0.009105256768240864
ངང་,3,0.009105256768240864
གོམ་པ,3,0.009105256768240864
བརྩེ་བ་,3,0.009105256768240864
བསྒྲུབ་པ་,3,0.009105256768240864
སྐུ་གསུམ་པོ་,3,0.009105256768240864
ཅི་ཕྱིར་,3,0.009105256768240864
ཏིང་ངེ་འཛིན་,3,0.009105256768240864
འབྲི་གུང་པ་,3,0.009105256768240864
མི་གཙང་,3,0.009105256768240864
གཙང་,3,0.009105256768240864
བསད་པ་,3,0.009105256768240864
དཀྱིལ་,3,0.009105256768240864
དཔོན་སློབ་,3,0.009105256768240864
ཁྱི་,3,0.009105256768240864
འོང་བ་,3,0.009105256768240864
བལྟས་པ,3,0.009105256768240864
ཐོས་བསམ་,3,0.009105256768240864
བཞག་པ,3,0.009105256768240864
ནམ་མཁ,3,0.009105256768240864
རྒྱུད་བླ་མ་,3,0.009105256768240864
ཡང,3,0.009105256768240864
ཞུགས་པ,3,0.009105256768240864
ཁྲིད་,3,0.009105256768240864
བུད་ཤིང་,3,0.009105256768240864
ལོངས་སྐུ་,3,0.009105256768240864
ཐུབ་བསྟན་,2,0.006070171178827243
བརྒྱུད་,2,0.006070171178827243
འབྲི་གུང་པ,2,0.006070171178827243
རྣམ་བཤད་,2,0.006070171178827243
གས,2,0.006070171178827243
དགའ་བ,2,0.006070171178827243
རཏྣ་,2,0.006070171178827243
འོ་མ,2,0.006070171178827243
མཚོ་,2,0.006070171178827243
འཁྲུངས་,2,0.006070171178827243
འགོག་,2,0.006070171178827243
རིག་པ,2,0.006070171178827243
རལ་གྲི་,2,0.006070171178827243
མངའ་བདག་,2,0.006070171178827243
བསྟོད་,2,0.006070171178827243
སོན་པ་,2,0.006070171178827243
འདུད,2,0.006070171178827243
ས་ར་,2,0.006070171178827243
ཧ་,2,0.006070171178827243
མཚན,2,0.006070171178827243
བཅུ་ཕྲག་,2,0.006070171178827243
རིག་འཛིན་,2,0.006070171178827243
གྲགས,2,0.006070171178827243
བགྱི,2,0.006070171178827243
འབྲི་གུང་,2,0.006070171178827243
ཁྱད་ཆོས་,2,0.006070171178827243
བརྩམས,2,0.006070171178827243
སྙན་པ,2,0.006070171178827243
ལས་སྒྲིབ་,2,0.006070171178827243
ཕོག་པ,2,0.006070171178827243
འཆད་པ་,2,0.006070171178827243
འགྱུར་ཕྱག་,2,0.006070171178827243
ལྟ་ངན་,2,0.006070171178827243
ཞེ་,2,0.006070171178827243
གནས་མིན,2,0.006070171178827243
མོས་པ་,2,0.006070171178827243
ཟག་ཟད་,2,0.006070171178827243
བཅུ་པོ་,2,0.006070171178827243
ཤཱཀྱ་,2,0.006070171178827243
ཐུབ་དབང་,2,0.006070171178827243
ས་ལམ་,2,0.006070171178827243
མེ,2,0.006070171178827243
ཇི་སྙེད་པ་,2,0.006070171178827243
ཟབ་མོ,2,0.006070171178827243
དཔག་,2,0.006070171178827243
ཀྱང་མི་,2,0.006070171178827243
ས་ཕྱྭ་,2,0.006070171178827243
གནས་མ་,2,0.006070171178827243
བདེ་ལེགས་,2,0.006070171178827243
ཐབས་ཚུལ་,2,0.006070171178827243
ལ་སྟོང་པ་,2,0.006070171178827243
ལྗོན་པ,2,0.006070171178827243
དང་ཆོས་,2,0.006070171178827243
འདུན་,2,0.006070171178827243
མཚན་དཔེ,2,0.006070171178827243
ཚུལ,2,0.006070171178827243
དང་འབྲས་བུ་,2,0.006070171178827243
ཐེག་ཆུང་,2,0.006070171178827243
བསྙེན་གནས་,2,0.006070171178827243
ཡང་དེ་,2,0.006070171178827243
ས་མཐར་ཐུག་,2,0.006070171178827243
རི་མོ་,2,0.006070171178827243
གཏམ་,2,0.006070171178827243
བླངས་,2,0.006070171178827243
མོས་,2,0.006070171178827243
རྨད་བྱུང་,2,0.006070171178827243
གདུལ་བྱ,2,0.006070171178827243
དབྱུང་བ,2,0.006070171178827243
རྒྱས་,2,0.006070171178827243
ལུང་བསྟན་པ,2,0.006070171178827243
ཞེན་,2,0.006070171178827243
ཕུན་ཚོགས་,2,0.006070171178827243
ཐ་དད་པ་,2,0.006070171178827243
མཚན་མ་,2,0.006070171178827243
ཕྲ,2,0.006070171178827243
བསམ་བརྗོད་,2,0.006070171178827243
འོན་,2,0.006070171178827243
རིགས་ཅན་,2,0.006070171178827243
འབྱེད་པ,2,0.006070171178827243
ལྷས་,2,0.006070171178827243
དམ,2,0.006070171178827243
རབ་འབྱོར་,2,0.006070171178827243
ལེའུ་,2,0.006070171178827243
སཱིར་,2,0.006070171178827243
བྱ་རྒོད་,2,0.006070171178827243
མཆིས་པ་,2,0.006070171178827243
ཁབ་,2,0.006070171178827243
སྟོད་,2,0.006070171178827243
བྱམས་པ་,2,0.006070171178827243
ཕྲན་,2,0.006070171178827243
བསྟེན་པ,2,0.006070171178827243
བཅུ་བདུན་,2,0.006070171178827243
བཀྲལ་,2,0.006070171178827243
འགོག་པ,2,0.006070171178827243
རུ,2,0.006070171178827243
རྣམ་གྲོལ་,2,0.006070171178827243
དང་འགའ་ཞིག་,2,0.006070171178827243
བརྗོད་པ་,2,0.006070171178827243
ལམ་སྣ་,2,0.006070171178827243
ཕབ་,2,0.006070171178827243
དང་ལུང་,2,0.006070171178827243
འབྲས་བུ་འབྱུང་,2,0.006070171178827243
ཤིག་,2,0.006070171178827243
རྫུན་,2,0.006070171178827243
ཕན་བདེ་,2,0.006070171178827243
ཐ་དད,2,0.006070171178827243
ཡབ་,2,0.006070171178827243
ཐོགས་མེད་,2,0.006070171178827243
རྔ་བོ་,2,0.006070171178827243
བཀ,2,0.006070171178827243
སྟག་,2,0.006070171178827243
བོད་,2,0.006070171178827243
ལོགས་,2,0.006070171178827243
ན་བདེན་,2,0.006070171178827243
དང་ནམ་མཁའ་,2,0.006070171178827243
ས་བཅུ་པོ་,2,0.006070171178827243
ཡང་གསང་,2,0.006070171178827243
ས་ས་,2,0.006070171178827243
ནི་སྔར་,2,0.006070171178827243
བརྙེས་པ,2,0.006070171178827243
ལོངས་,2,0.006070171178827243
ལ་རིམ་བཞིན་,2,0.006070171178827243
འདུན་པ་,2,0.006070171178827243
ཡན་,2,0.006070171178827243
མི་ལ,2,0.006070171178827243
གསུངས་པ་དེ,2,0.006070171178827243
དབང་རྣོན་,2,0.006070171178827243
ས་སངས་རྒྱས་,2,0.006070171178827243
ཕྱོགས་གླང་,2,0.006070171178827243
ཕན་པ་,2,0.006070171178827243
ལ་ལ་,2,0.006070171178827243
འབྱིན་,2,0.006070171178827243
རྗེ་བོ,2,0.006070171178827243
བཟློག་པ,2,0.006070171178827243
གཞལ་བྱ་,2,0.006070171178827243
དངོས་མེད,2,0.006070171178827243
ལྐོག་གྱུར་,2,0.006070171178827243
མཚོན,2,0.006070171178827243
རྟགས་,2,0.006070171178827243
བཟང་པོ,2,0.006070171178827243
གྲུབ་མཐ,2,0.006070171178827243
རྟག་ཆད་,2,0.006070171178827243
རྒྱ་གར་,2,0.006070171178827243
དུ་ཡོད་པ་,2,0.006070171178827243
ནག་པོ་,2,0.006070171178827243
བྱ་རོག་,2,0.006070171178827243
ཞར་,2,0.006070171178827243
སོཊ,2,0.006070171178827243
མཚན་མ,2,0.006070171178827243
མུ་སྟེགས་པ་,2,0.006070171178827243
ས་སྲོག་གཅོད་,2,0.006070171178827243
༑མཐའ་,2,0.006070171178827243
མཁས་,2,0.006070171178827243
མི་ཟད་,2,0.006070171178827243
མཐུན,2,0.006070171178827243
དྲོད་,2,0.006070171178827243
འཕེལ་བ་,2,0.006070171178827243
བརྟན་པ་,2,0.006070171178827243
ཆོས་མཆོག་,2,0.006070171178827243
རྐང་པ,2,0.006070171178827243
འདོགས་པ་,2,0.006070171178827243
ཡང་ཕྱི་,2,0.006070171178827243
སྤང་པ,2,0.006070171178827243
དོག་,2,0.006070171178827243
འདུག་པ,2,0.006070171178827243
སྐྱོ་ངལ་,2,0.006070171178827243
ཁུ་ཚུར་,2,0.006070171178827243
འཐུང་,2,0.006070171178827243
འཚང་རྒྱ་བ,2,0.006070171178827243
མཚན་ལྡན་,2,0.006070171178827243
ན་ཚེ་,2,0.006070171178827243
ཀུན་བཟང་,2,0.006070171178827243
ཐོབ,2,0.006070171178827243
ངུ་,2,0.006070171178827243
གཏོགས་,2,0.006070171178827243
རྩ,2,0.006070171178827243
ཉི་ཁྲི་,2,0.006070171178827243
ཆིག་སྟོང་,2,0.006070171178827243
རྒྱལ་བོ་,2,0.006070171178827243
ཞེ་སྡང,2,0.006070171178827243
དམ་,2,0.006070171178827243
གསང་བདག་,2,0.006070171178827243
ས་ཚུལ་,2,0.006070171178827243
ཏེ་སོ་ཐར་,2,0.006070171178827243
གཅིག་པུ,2,0.006070171178827243
བག་ཉལ་,2,0.006070171178827243
ན་སོ་,2,0.006070171178827243
འཆོལ་བ,2,0.006070171178827243
ཅེ་ན,2,0.006070171178827243
ལ་སོ་,2,0.006070171178827243
འཕོས་པ,2,0.006070171178827243
དགུ,2,0.006070171178827243
དར་ཡུག་,2,0.006070171178827243
ཞི་,2,0.006070171178827243
འོད་གསལ་,2,0.006070171178827243
སྦུབས་,2,0.006070171178827243
སྙེད་,2,0.006070171178827243
ཡོན་,2,0.006070171178827243
ཁྱིམ་,2,0.006070171178827243
ཁྲོ་,2,0.006070171178827243
བདུན,2,0.006070171178827243
ལ་དོན་,2,0.006070171178827243
གཞི་མ་,2,0.006070171178827243
སྲེད་,2,0.006070171178827243
དཀར་བ,2,0.006070171178827243
ཡོངས་,2,0.006070171178827243
དབྱིབས་,2,0.006070171178827243
སྐྱེད་པ་,2,0.006070171178827243
མངའ་བ་,2,0.006070171178827243
ཉེ་རིང་,2,0.006070171178827243
བརྙེས་པ་,2,0.006070171178827243
ནམ་ཡང་,2,0.006070171178827243
ས་ཉན་ཐོས་,2,0.006070171178827243
འབབ་,2,0.006070171178827243
དེད་དཔོན་,2,0.006070171178827243
དེས་ན,2,0.006070171178827243
ནི་རྒྱུ་,2,0.006070171178827243
ས་བྱང་ཆུབ་,2,0.006070171178827243
འཁྲུལ་པ,2,0.006070171178827243
མེ་སྟག་,2,0.006070171178827243
མཆེད་པ་,2,0.006070171178827243
དབང་མ་,2,0.006070171178827243
སྡང་,2,0.006070171178827243
ཁོངས་,2,0.006070171178827243
ཅ,2,0.006070171178827243
ལྷན་ཅིག་,2,0.006070171178827243
ཕན་ཚུན་,2,0.006070171178827243
ཚ་གྲང་,2,0.006070171178827243
རེག་བྱ་,2,0.006070171178827243
ཤེས,2,0.006070171178827243
སྒྲོ་འདོགས་,2,0.006070171178827243
ཆོད་པ,2,0.006070171178827243
སེམས,2,0.006070171178827243
དཔྱོད་པ་,2,0.006070171178827243
ཟིན་པ་,2,0.006070171178827243
ཕྲད་པ,2,0.006070171178827243
ཆག་,2,0.006070171178827243
ཟོ་ཆུན་,2,0.006070171178827243
འབྲས་བུ་འབྱུང་བ་,2,0.006070171178827243
རྒ་ཤི,2,0.006070171178827243
ལུགས་འབྱུང་,2,0.006070171178827243
ལུགས་ལྡོག་,2,0.006070171178827243
མདུང་,2,0.006070171178827243
ཡ་,2,0.006070171178827243
དུ་ཡོད་པ,2,0.006070171178827243
འགག་,2,0.006070171178827243
ཇི་,2,0.006070171178827243
ཟག་མེད་,2,0.006070171178827243
ཕྱུང་,2,0.006070171178827243
ས་དམིགས་,2,0.006070171178827243
རང་དབང་,2,0.006070171178827243
ལྷག་མ་,2,0.006070171178827243
ཙམ་པ་,2,0.006070171178827243
དུམ་བུ་,2,0.006070171178827243
ཐིམ་པ,2,0.006070171178827243
འསྔལ་,2,0.006070171178827243
འགྲུབ་བོ,2,0.006070171178827243
ཡང་ཐ་,2,0.006070171178827243
ཐུན་མོང་བ་,2,0.006070171178827243
བསྲེག་,2,0.006070171178827243
མཉེས་པ,2,0.006070171178827243
བྱོས་,2,0.006070171178827243
འགྲིབ,2,0.006070171178827243
ཁྲི,2,0.006070171178827243
བཞེས་,2,0.006070171178827243
འཅུ་,2,0.006070171178827243
དྲོད་གཤེར་,2,0.006070171178827243
མ་སྐྱེས་དགྲ,2,0.006070171178827243
ཐ་ཆད་,2,0.006070171178827243
ཞུགས་པ་,2,0.006070171178827243
རིམ་གྲོ་,2,0.006070171178827243
ཡིན་ཅེས་,2,0.006070171178827243
ཕྲ་མོ་,2,0.006070171178827243
རྒྱུན་ཞུགས་,2,0.006070171178827243
ན་འབྲས་བུ་,2,0.006070171178827243
ནུབ་,2,0.006070171178827243
དཔུང་,2,0.006070171178827243
མཇུག་,2,0.006070171178827243
གསེར་འོད་,2,0.006070171178827243
བསྙེན་པ,2,0.006070171178827243
ཁྱིམ་བདག་,2,0.006070171178827243
ཆ་བྱད་,2,0.006070171178827243
རིམ་,2,0.006070171178827243
གདམས་པ་,2,0.006070171178827243
བྱམས་,2,0.006070171178827243
ན་དོན་,2,0.006070171178827243
དང་དེ་,2,0.006070171178827243
ཐབས་མེད་པ་,2,0.006070171178827243
ས་དེ་ལྟར་,2,0.006070171178827243
རྣམ་འཕྲུལ་,2,0.006070171178827243
ཁྱོན་,2,0.006070171178827243
འདུས་པ་,2,0.006070171178827243
བདེ་འགྲོ,2,0.006070171178827243
མི་ལུས་,2,0.006070171178827243
ཁྲིམས་,2,0.006070171178827243
ཕས་,2,0.006070171178827243
ན་ལྟུང་བ་,2,0.006070171178827243
ཏི་,2,0.006070171178827243
འགྲེལ་བ་,2,0.006070171178827243
སྨྲོས་,2,0.006070171178827243
ན་བྱང་སེམས་,2,0.006070171178827243
ཀུན་འཛིན་,2,0.006070171178827243
བཞེས་པ་,2,0.006070171178827243
བཀྲལ་བ,2,0.006070171178827243
སྤང་བྱ,2,0.006070171178827243
འདུལ་འཛིན་,2,0.006070171178827243
ས་གནས་,2,0.006070171178827243
ཐད་,2,0.006070171178827243
གུས་,2,0.006070171178827243
ནན་ཏན་,2,0.006070171178827243
མངོན་གྱུར་,2,0.006070171178827243
མི་ལ་,2,0.006070171178827243
༡,2,0.006070171178827243
འགྱོད་,2,0.006070171178827243
བྱུང༌,2,0.006070171178827243
སྐྱེས་མ་,2,0.006070171178827243
ཀྱང་རང་བཞིན་,2,0.006070171178827243
མཁན་སློབ་,2,0.006070171178827243
དང་སྐད་ཅིག་,2,0.006070171178827243
ཚ་བ་,2,0.006070171178827243
མངར་བ་,2,0.006070171178827243
དགོན་པ་བ་,2,0.006070171178827243
ས་སྤོང་,2,0.006070171178827243
གྲོལ་བ,2,0.006070171178827243
xཡིད་,2,0.006070171178827243
xཞེས་,2,0.006070171178827243
དུ་བ་,2,0.006070171178827243
ཅིང,2,0.006070171178827243
གཏོད,2,0.006070171178827243
ཉི་ཤུ་,2,0.006070171178827243
ནུབ་པ,2,0.006070171178827243
འག,2,0.006070171178827243
ཤི་འཕོས་པ,2,0.006070171178827243
འབྲང་བ,2,0.006070171178827243
བླང་བ,2,0.006070171178827243
བུ་ལོན་,2,0.006070171178827243
བྱེ་,2,0.006070171178827243
ས་སྣ་,2,0.006070171178827243
སྲུང་,2,0.006070171178827243
འདོར་བ,2,0.006070171178827243
སྟེ་རང་བཞིན་,2,0.006070171178827243
ཚལ་,2,0.006070171178827243
ཁྱབ་,2,0.006070171178827243
རྒྱབ་,2,0.006070171178827243
སྨྲོས,2,0.006070171178827243
སྐྱེ་གནས་,2,0.006070171178827243
རབ་བྱུང་,2,0.006070171178827243
ཕྱིས་,2,0.006070171178827243
ཡང་འཇུག་,2,0.006070171178827243
གནོད་པ,2,0.006070171178827243
ཁུ་བ་,2,0.006070171178827243
ལ་ཉེ,2,0.006070171178827243
ཕམ་,2,0.006070171178827243
བཀག་པ,2,0.006070171178827243
དགེ་བསྙེན་,2,0.006070171178827243
དུའང༌,2,0.006070171178827243
འཚོ་,2,0.006070171178827243
ཝ་,2,0.006070171178827243
བཅུར་,2,0.006070171178827243
ས་རབ་བྱུང་,2,0.006070171178827243
ལ་དེ་,2,0.006070171178827243
བསླུ་བ,2,0.006070171178827243
མི,2,0.006070171178827243
ནགས་,2,0.006070171178827243
ཕྱག་བཞེས་,2,0.006070171178827243
ཟབ་བོ,2,0.006070171178827243
བགྱི་,2,0.006070171178827243
ཤིག,2,0.006070171178827243
ལྕི་,2,0.006070171178827243
ཆུང་,2,0.006070171178827243
ཆོས་ཅན་ཁྱོད་,2,0.006070171178827243
ས་དགེ་བ,2,0.006070171178827243
ཏེ་ཚེ་,2,0.006070171178827243
འཕོས་པ་,2,0.006070171178827243
ཟ,2,0.006070171178827243
སླ་,2,0.006070171178827243
རེ་ཞིག་,2,0.006070171178827243
བརྒྱ་བྱིན་,2,0.006070171178827243
ནམ་ཞིག་,2,0.006070171178827243
ཉི་ཤུ་པ་,2,0.006070171178827243
བྱང་སྡོམ་,2,0.006070171178827243
འདོན་པ་,2,0.006070171178827243
རིས་,2,0.006070171178827243
རྩ་བ,2,0.006070171178827243
དོན་དམ,2,0.006070171178827243
ཆགས་པ་,2,0.006070171178827243
སྨོད་པ་,2,0.006070171178827243
ཁྲོ,2,0.006070171178827243
གིར་,2,0.006070171178827243
ལྕོག་,2,0.006070171178827243
འཇིག་པ་,2,0.006070171178827243
དེ་རྒྱུ་,2,0.006070171178827243
གསང་བ,2,0.006070171178827243
ཁེགས་,2,0.006070171178827243
ལེ་ལོ་,2,0.006070171178827243
འདུས་པ,2,0.006070171178827243
རབ་མཆོག་,2,0.006070171178827243
མུན་པ་,2,0.006070171178827243
ཤེས་བྱ་,2,0.006070171178827243
ག་ལ་,2,0.006070171178827243
ཡིན་ཡང་,2,0.006070171178827243
འཁྱོངས་,2,0.006070171178827243
རང་གཞན་,2,0.006070171178827243
འདུན་པ,2,0.006070171178827243
ཏེ་ལེགས་,2,0.006070171178827243
ཀྱང་དུས་,2,0.006070171178827243
བབས་པ,2,0.006070171178827243
རྨད་,2,0.006070171178827243
ལི,2,0.006070171178827243
ཏེ་ཞིང་,2,0.006070171178827243
གཅེས་པ,2,0.006070171178827243
ཀྱང་སེམས་,2,0.006070171178827243
བརྩེ་བ,2,0.006070171178827243
ཏེ་རྒྱུ་,2,0.006070171178827243
བརྩོན་པ,2,0.006070171178827243
ནག་པོ,2,0.006070171178827243
ཕལ་,2,0.006070171178827243
ཕ་ལམ་,2,0.006070171178827243
མ་གཏོགས་གཞན་,2,0.006070171178827243
སྙིང་,2,0.006070171178827243
བརྟན་,2,0.006070171178827243
བརྩེས་,2,0.006070171178827243
དམིགས་རྣམ་པ,2,0.006070171178827243
བསྒྲིབས་པ་,2,0.006070171178827243
ཡོངས་རྫོགས་,2,0.006070171178827243
མནན་པ,2,0.006070171178827243
ཟོས་པ,2,0.006070171178827243
ཞེ་ན་,2,0.006070171178827243
ཙམ་པ,2,0.006070171178827243
སྟོན,2,0.006070171178827243
ཞེན་པ,2,0.006070171178827243
མི་འགལ་བ་,2,0.006070171178827243
མར་མེ་མཛད་,2,0.006070171178827243
ཕྱིན་ཆད་,2,0.006070171178827243
བརྟགས་པ་,2,0.006070171178827243
དཔའ་བ,2,0.006070171178827243
རྡོ་ཏིང་,2,0.006070171178827243
གཡོ་,2,0.006070171178827243
ས་སྟོང་ཉིད་,2,0.006070171178827243
ས་ཡོན་ཏན་,2,0.006070171178827243
མུ་,2,0.006070171178827243
སྤྱན་རས་,2,0.006070171178827243
དེ་སྲིད་,2,0.006070171178827243
ལུས་ཅན་,2,0.006070171178827243
གཡས་གཡོན་,2,0.006070171178827243
ཚོང་,2,0.006070171178827243
བསྔོས་,2,0.006070171178827243
ས་སྐུ་,2,0.006070171178827243
སྤར་,2,0.006070171178827243
ན་དེ་ལྟར་,2,0.006070171178827243
སྟེ་ཚོགས་,2,0.006070171178827243
བཟུང་བ,2,0.006070171178827243
བཏང་,2,0.006070171178827243
དཔལ་འབྱོར་,2,0.006070171178827243
གཞལ་,2,0.006070171178827243
མ་ལུས་པ,2,0.006070171178827243
ཅིའི་ཕྱིར་,2,0.006070171178827243
འགྱུར་པ,2,0.006070171178827243
ས་བསོད་ནམས་,2,0.006070171178827243
དབྱིངས་,2,0.006070171178827243
རྒྱལ་མཚན་,2,0.006070171178827243
སྦྱོང་བ་,2,0.006070171178827243
རླབས་,2,0.006070171178827243
ཕྱིར་དཔེར་ན་,2,0.006070171178827243
བསྣན་པ་,2,0.006070171178827243
དྲངས་,2,0.006070171178827243
སོ་སྐྱེ,2,0.006070171178827243
བཞི་པ,2,0.006070171178827243
མཁྱེན་,2,0.006070171178827243
བསྡུ་བ་,2,0.006070171178827243
སྣང་ངོ་,2,0.006070171178827243
རྒྱ་བ,2,0.006070171178827243
གདོད་མ་,2,0.006070171178827243
སྐུ་བཞི་,2,0.006070171178827243
བསྐུར་བ་,2,0.006070171178827243
ཚིག་དབང་,2,0.006070171178827243
ཚུལ་བཞིན་,2,0.006070171178827243
འཇོག་པ་,2,0.006070171178827243
ཁྲོ་བོ་,2,0.006070171178827243
ཁྲོ་མོ,2,0.006070171178827243
མ་ཚང་བ་,2,0.006070171178827243
དགྱེས་,2,0.006070171178827243
འདོག་,2,0.006070171178827243
བྲལ་འབྲས་,2,0.006070171178827243
བཏབ་,2,0.006070171178827243
སྤྲད་,2,0.006070171178827243
ཕག་གྲུ,2,0.006070171178827243
བློ་འདས་,2,0.006070171178827243
གོ་བ་,2,0.006070171178827243
དྲག་,2,0.006070171178827243
ཤར་,2,0.006070171178827243
འཆར,2,0.006070171178827243
ཀྱེེ་,2,0.006070171178827243
རང་ལུགས་,2,0.006070171178827243
སྒྲོལ་,2,0.006070171178827243
ལས་པ་,2,0.006070171178827243
གཞན་དབང་,2,0.006070171178827243
གསེར་རྡོ་,2,0.006070171178827243
བཞུས་,2,0.006070171178827243
བཏགས་པ,2,0.006070171178827243
ཀྱེ་རྡོར་,2,0.006070171178827243
བདག་ཉིད,2,0.006070171178827243
གཞལ་ཡས་,2,0.006070171178827243
བསླབས་,2,0.006070171178827243
ཊི་,2,0.006070171178827243
བསྙེན་པ་,2,0.006070171178827243
ཐ་མལ་པ,2,0.006070171178827243
བརྟུལ་,2,0.006070171178827243
ཆོད་,2,0.006070171178827243
འབར་བ་,2,0.006070171178827243
༑༑,2,0.006070171178827243
སོ་ཐར,2,0.006070171178827243
སྦྱོར,2,0.006070171178827243
སུམ་ཅུ་རྩ་གཉིས་,2,0.006070171178827243
བརྒྱད་ཅུ,2,0.006070171178827243
འབྲི་བ་,2,0.006070171178827243
རིམ་བཞིན,2,0.006070171178827243
ཚོམ་བུ་,2,0.006070171178827243
ཏེ་ཡོན་ཏན་,2,0.006070171178827243
ཚེགས་,2,0.006070171178827243
ཁང་,2,0.006070171178827243
དང་བཅས་པ་,2,0.006070171178827243
གཏི་མུག,2,0.006070171178827243
ཏེ་ཕྱི་,2,0.006070171178827243
ས་སྙིང་,2,0.006070171178827243
གོམ་,2,0.006070171178827243
མེ་ལོང་,2,0.006070171178827243
ཆོས་དབྱིངས,2,0.006070171178827243
དགའ་བ་,2,0.006070171178827243
སྤྲོས་པ,2,0.006070171178827243
ཆོས,2,0.006070171178827243
རྩེ་མོ་,2,0.006070171178827243
འཇིགས་པ་,2,0.006070171178827243
མི་འདའ་,2,0.006070171178827243
དཀྲུགས་,2,0.006070171178827243
གབ་པ,2,0.006070171178827243
སྦ,2,0.006070171178827243
ནི་ལ,2,0.006070171178827243
གཞན་པ་,2,0.006070171178827243
བརྟག་,2,0.006070171178827243
དེ་འབྲས་བུ་,2,0.006070171178827243
གདམས་པ,2,0.006070171178827243
མངོནཤེས་,2,0.006070171178827243
བསྡམས་པ,2,0.006070171178827243
བདུན་པ,2,0.006070171178827243
ས་སྐྱོན་,2,0.006070171178827243
ཕག་མོ་,2,0.006070171178827243
གྲུ་པ,2,0.006070171178827243
གསང་འདུས་,2,0.006070171178827243
xགསང་སྔགས,2,0.006070171178827243
གཅོད་པ,2,0.006070171178827243
པདྨ་,2,0.006070171178827243
ལོངས་སྐུ,2,0.006070171178827243
དྲི་མ,2,0.006070171178827243
འོན་ཀྱང་,2,0.006070171178827243
བཅོམ་,2,0.006070171178827243
རྟོགས,2,0.006070171178827243
ཏོ,2,0.006070171178827243
ཞི་བདེ་,2,0.006070171178827243
དུས་རྒྱུན་,2,0.006070171178827243
གདུངས་,2,0.006070171178827243
ཟེར་བ,2,0.006070171178827243
ལུད,2,0.006070171178827243
རྩོལ་བ་,2,0.006070171178827243
དང་མི་,2,0.006070171178827243
ནག་,2,0.006070171178827243
དཔོན་,2,0.006070171178827243
ངུ་འབོད་,2,0.006070171178827243
དྲི་མེད་,2,0.006070171178827243
བཅོ,2,0.006070171178827243
སྤྲུལ་,2,0.006070171178827243
བརྙས་,2,0.006070171178827243
རྒྱུད་པ་,2,0.006070171178827243
རྡོལ་ཆོས་,2,0.006070171178827243
བརྒྱུད་པ་,2,0.006070171178827243
ཆུ་བོ་,2,0.006070171178827243
ལྷ་རྗེ་,2,0.006070171178827243
ཕྱི་དོན་,2,0.006070171178827243
ས་བློ་,2,0.006070171178827243
ཆོས་མ་,2,0.006070171178827243
གཞན་པ,2,0.006070171178827243
ད་ལྟ,2,0.006070171178827243
ནི་དེ,2,0.006070171178827243
ཆོས་རྒྱལ་,2,0.006070171178827243
མ་གྲུབ་པ་,2,0.006070171178827243
ས་གཞན་,2,0.006070171178827243
འབྱུང༌,2,0.006070171178827243
འབྲང་བ་,2,0.006070171178827243
ཅིར་,2,0.006070171178827243
སྐམ་,2,0.006070171178827243
འཆར་བ,2,0.006070171178827243
དང་སེམས་,2,0.006070171178827243
ཞོག་,2,0.006070171178827243
དོན་སྤྱི་,2,0.006070171178827243
ཡུལ་མི་,2,0.006070171178827243
གོལ,2,0.006070171178827243
ཏབ་,2,0.006070171178827243
འདྲེས་པ,2,0.006070171178827243
སྡུག་པ་,2,0.006070171178827243
འདོར་,2,0.006070171178827243
ནད་,2,0.006070171178827243
ཆགས་སྡང་,2,0.006070171178827243
བཏབ་པ་,2,0.006070171178827243
མི་འགལ་བ,2,0.006070171178827243
སྐྱོ་བ,2,0.006070171178827243
དོན་གཉེར་,2,0.006070171178827243
སྨོན་པ,2,0.006070171178827243
ཀྱང་དཀར་པོ,2,0.006070171178827243
བཅད,2,0.006070171178827243
དོགས་པ་,2,0.006070171178827243
ཀྱང་སྡིག་པ་,2,0.006070171178827243
འདོད་འདུན་,2,0.006070171178827243
ལ་སོགས་པ,2,0.006070171178827243
ལྡང་བ,2,0.006070171178827243
ཇེ་,2,0.006070171178827243
བརྩེགས་པ་,2,0.006070171178827243
རང་རྒྱལ་,2,0.006070171178827243
མུན་,2,0.006070171178827243
གྱུར,2,0.006070171178827243
ཐབས་ལམ་,2,0.006070171178827243
བརྒལ་,2,0.006070171178827243
གཏུམ་མོ་,2,0.006070171178827243
སྣ་བུག་,2,0.006070171178827243
ཕྱི་རུ་,2,0.006070171178827243
ཡར,2,0.006070171178827243
མདའ་,2,0.006070171178827243
བཤད་རྒྱུད་,2,0.006070171178827243
འཕོ་བ་,2,0.006070171178827243
འཕོ་བ,2,0.006070171178827243
ན་མཉམ་བཞག་,2,0.006070171178827243
གཅེས་པ་,2,0.006070171178827243
ཇི་ལྟ་,2,0.006070171178827243
སྙིང་ལས,2,0.006070171178827243
གཞལ་བ,2,0.006070171178827243
ཡེཤེས་,2,0.006070171178827243
དེ་སྐུ་གསུང་ཐུགས་,2,0.006070171178827243
མངའ,2,0.006070171178827243
ཇི་ལྟ་བ,2,0.006070171178827243
ཟད་པ,2,0.006070171178827243
ཏེ་འོག་མིན་,2,0.006070171178827243
ལས་རིམ་,2,0.006070171178827243
ལོངས་སྤྱོད་,2,0.006070171178827243
ན་གཞན་,2,0.006070171178827243
ཤ་སྟག་,2,0.006070171178827243
རྒྱ་བ་,2,0.006070171178827243
ཚངས་པ་,2,0.006070171178827243
མཆན་,2,0.006070171178827243
རི་བོང་,2,0.006070171178827243
རྒྱུ་ཅན་,2,0.006070171178827243
གཙང་མ་,2,0.006070171178827243
སྨོན་པ་,2,0.006070171178827243
རབ་འབྱམས་,2,0.006070171178827243
ཕོ་བྲང་,2,0.006070171178827243
རི་,2,0.006070171178827243
གཞུང་,2,0.006070171178827243
ཕལ་པ,2,0.006070171178827243
སྨད་པ,2,0.006070171178827243
རྣ་རྒྱན་,1,0.0030350855894136215
རྔ་སྒྲ་,1,0.0030350855894136215
ན་མོ་,1,0.0030350855894136215
གུ་རུ་,1,0.0030350855894136215
ཤྲཱི་,1,0.0030350855894136215
ཡེ,1,0.0030350855894136215
སྐྱ་བ,1,0.0030350855894136215
བསྲུབས་པ་,1,0.0030350855894136215
རྩི་བཅུད་,1,0.0030350855894136215
སྐྱབས་གནས་,1,0.0030350855894136215
བསླུ་མེད་,1,0.0030350855894136215
གཙུག་,1,0.0030350855894136215
རྒྱལ,1,0.0030350855894136215
ཞགས་པ,1,0.0030350855894136215
བཅིངས་,1,0.0030350855894136215
རྣམ་དཔྱོད་,1,0.0030350855894136215
བསྐྲལ་,1,0.0030350855894136215
པོ་ཏི་,1,0.0030350855894136215
བསྣམས,1,0.0030350855894136215
སྤྱི་བོ,1,0.0030350855894136215
མཆོད,1,0.0030350855894136215
ཐེལ་,1,0.0030350855894136215
པ་རུ,1,0.0030350855894136215
ཤིང་རྟ,1,0.0030350855894136215
ཤྲཱི,1,0.0030350855894136215
རྩེ་གཅིག་,1,0.0030350855894136215
ཡང་རྩེ,1,0.0030350855894136215
མགོན་,1,0.0030350855894136215
འཕགས་ཡུལ་,1,0.0030350855894136215
གྲུབ་ཆེན་,1,0.0030350855894136215
རཏྣའི་,1,0.0030350855894136215
རིག་གནས་,1,0.0030350855894136215
མཁས,1,0.0030350855894136215
འཇམ་པ,1,0.0030350855894136215
རྒྱལ་དབང་,1,0.0030350855894136215
ཐུགས་རྗེ,1,0.0030350855894136215
རྗེས་བཟུང་,1,0.0030350855894136215
དྲིན་ཅན་,1,0.0030350855894136215
གསུང་པ,1,0.0030350855894136215
བདེ,1,0.0030350855894136215
ཕྱིཪ,1,0.0030350855894136215
རྒྱལ་མཆོག་,1,0.0030350855894136215
སྡེབ་སྦྱོར་,1,0.0030350855894136215
དེང་,1,0.0030350855894136215
རང་ཅག་,1,0.0030350855894136215
སྐལ,1,0.0030350855894136215
གཞུང་བཟང་,1,0.0030350855894136215
ཡིད་བཞིན་,1,0.0030350855894136215
བདེ་བླག་,1,0.0030350855894136215
མཚན་དོན་,1,0.0030350855894136215
མཚོན་བྱེད་,1,0.0030350855894136215
མཚོན་བྱ་,1,0.0030350855894136215
མི་ཕྱེད་པ་,1,0.0030350855894136215
དཀོན་པ,1,0.0030350855894136215
ན་རྡོ་རྗེ་,1,0.0030350855894136215
གཞུང་ཚིག་,1,0.0030350855894136215
འབྲུ་,1,0.0030350855894136215
རྣམ་སྨིན,1,0.0030350855894136215
དབང་མཆོག་,1,0.0030350855894136215
ལམ,1,0.0030350855894136215
རྣམ་ཐར,1,0.0030350855894136215
རྗེས་དྲན,1,0.0030350855894136215
འཆི་,1,0.0030350855894136215
ན་སྟོབས་,1,0.0030350855894136215
སྐྲགས་པ,1,0.0030350855894136215
ས་སྤང་བ་,1,0.0030350855894136215
འོད་གསལ་མཚན་མ,1,0.0030350855894136215
རྡུལ་བྲལ་,1,0.0030350855894136215
འདྲེས་པ་ཤེས་བྱ,1,0.0030350855894136215
ཀུན་མཁྱེན་,1,0.0030350855894136215
རྗེ,1,0.0030350855894136215
དཔེ་ཟླ་,1,0.0030350855894136215
མེད་པ་འབྲི་གུང་,1,0.0030350855894136215
དགོས་འདོད་,1,0.0030350855894136215
སྟེར་བ་,1,0.0030350855894136215
ཡི་མདོ་,1,0.0030350855894136215
ཆུད་པ་,1,0.0030350855894136215
ནས་ཁྱད་པར་,1,0.0030350855894136215
བཞེད་སྲོལ་,1,0.0030350855894136215
གཟུངས་མ་,1,0.0030350855894136215
ས་ཐམས་ཅད་,1,0.0030350855894136215
བྲི,1,0.0030350855894136215
དེ་བརྩེ་བ,1,0.0030350855894136215
ཀྱང་རྒྱུ་འབྲས་,1,0.0030350855894136215
ལ་འགོད་པ,1,0.0030350855894136215
ཏེ་སྣང་བ་,1,0.0030350855894136215
འགྲུབ་བོ་,1,0.0030350855894136215
ཡང་རྒྱུ་རྐྱེན་,1,0.0030350855894136215
དུའང་རྟེན་,1,0.0030350855894136215
པའིམཁས་པ་,1,0.0030350855894136215
མུན་འཇོམས་,1,0.0030350855894136215
ན་བདེ་གཤེགས་,1,0.0030350855894136215
བྱེད་པོ,1,0.0030350855894136215
སོགས་ཉེས་པ་,1,0.0030350855894136215
ལ་ཐེག་པ,1,0.0030350855894136215
གྱི་ཆོས་,1,0.0030350855894136215
ཡི་གེ་,1,0.0030350855894136215
དང་གསུངས་,1,0.0030350855894136215
དང་སྐུ་ཆོས་,1,0.0030350855894136215
རྒྱན་པ་,1,0.0030350855894136215
སྟེ་ལང་ཀ,1,0.0030350855894136215
གསེར་ཐུབ་,1,0.0030350855894136215
བསྒྲོད་,1,0.0030350855894136215
ཏེ་འཇིག་རྟེན་,1,0.0030350855894136215
འབའ་ཞིག,1,0.0030350855894136215
གཟི་བརྗིད་,1,0.0030350855894136215
མ་གཏོགས་པ་,1,0.0030350855894136215
ལྟར་དུས་གསུམ་,1,0.0030350855894136215
གཉིས་དོན་,1,0.0030350855894136215
ཕྱི,1,0.0030350855894136215
བསམ་པ་ལུས་,1,0.0030350855894136215
ཟད་པར་,1,0.0030350855894136215
ས་དེས་ན་,1,0.0030350855894136215
ཟག་པ་,1,0.0030350855894136215
དགོས་པ་དེ,1,0.0030350855894136215
ངོ་སྐལ་,1,0.0030350855894136215
སྟེ་གཙུག་,1,0.0030350855894136215
ར་ཇི་ལྟར་,1,0.0030350855894136215
བྲི་,1,0.0030350855894136215
མཆོག་ལྡན་པ,1,0.0030350855894136215
བརྗོད,1,0.0030350855894136215
ཀྱིས་བོར་,1,0.0030350855894136215
མེད་ཐམས་ཅད་,1,0.0030350855894136215
བ་གླང་,1,0.0030350855894136215
རྒྱབ་ཁལ་,1,0.0030350855894136215
དང་བསྟན་བཅོས་,1,0.0030350855894136215
ནི་བརྒྱད་,1,0.0030350855894136215
སྟོང་པོ་,1,0.0030350855894136215
བཞག་པ་སྙིང་རྗེ་,1,0.0030350855894136215
དངརྣམ་སྣང་,1,0.0030350855894136215
ཕུང་བོ་,1,0.0030350855894136215
ན་མྱང་འདས་,1,0.0030350855894136215
ཏེ་བསླབ་,1,0.0030350855894136215
གོམས་པ,1,0.0030350855894136215
སྨྲ་བ་,1,0.0030350855894136215
གྲག་,1,0.0030350855894136215
འདི་རིགས་,1,0.0030350855894136215
ཚིགས་བཅད་,1,0.0030350855894136215
ཆེད་བརྗོད་གླེང་,1,0.0030350855894136215
རྟོགས་བརྗོད་,1,0.0030350855894136215
བྱུང་སྐྱེས་,1,0.0030350855894136215
དབབ་,1,0.0030350855894136215
མདོ་སྡེ་དེ་འོག་,1,0.0030350855894136215
སྡེ་སྣོད་དེ་འོག་,1,0.0030350855894136215
མདོ་སྡེ་ཐ་མ་,1,0.0030350855894136215
ས་སྡེ་སྣོད་,1,0.0030350855894136215
དེ་འདུལ་བ,1,0.0030350855894136215
དང༌པོ་ཝཱ་,1,0.0030350855894136215
སྰིར་,1,0.0030350855894136215
ཀུཤའི་,1,0.0030350855894136215
གྲོང་,1,0.0030350855894136215
ཏེ་ཤས་,1,0.0030350855894136215
ན་བསླབ་པ་,1,0.0030350855894136215
ཡ་བྲལ་,1,0.0030350855894136215
བསྟན་འཛིན་,1,0.0030350855894136215
ཏེ་རིགས་ཅན་,1,0.0030350855894136215
ནི་ཆོས་འཁོར་,1,0.0030350855894136215
གསུམ་པོ་འཁོར་,1,0.0030350855894136215
འཁྲིད་པ,1,0.0030350855894136215
རམ་,1,0.0030350855894136215
སྟེ་ཝ་,1,0.0030350855894136215
བསྟན་པ་མཚན་ཉིད་,1,0.0030350855894136215
ཏེ་ས,1,0.0030350855894136215
ལ་ཁྱེད་,1,0.0030350855894136215
ནས་གཙང་,1,0.0030350855894136215
མཆོག་འཛིན་,1,0.0030350855894136215
ལས་ཅན་,1,0.0030350855894136215
བཞེད་དོན་སྟོན་འཁོར་,1,0.0030350855894136215
དེ་རྣམ་བྱང་,1,0.0030350855894136215
དགུ་སྟེ་དེ་དག་,1,0.0030350855894136215
སྔ་ཕྱི་,1,0.0030350855894136215
ཀུན་འབྱུང་འཕགས་ལམ་,1,0.0030350855894136215
དང་གཉིས་པ,1,0.0030350855894136215
འཛིན་བཟང་ངན་,1,0.0030350855894136215
སྙམ་པ་ཆོས་,1,0.0030350855894136215
ས་རྟེན་འབྲེལ་,1,0.0030350855894136215
ས་ཀུན་འབྱུང་,1,0.0030350855894136215
༑རྣམ་ཐར་,1,0.0030350855894136215
གཏུམ་པོ་,1,0.0030350855894136215
གསོལ་བ,1,0.0030350855894136215
ཀྱང་ཚིག་མཚོན་པ་,1,0.0030350855894136215
ཕྱིར་ཚིག་,1,0.0030350855894136215
ཏེ་སྐྱེས་མ་,1,0.0030350855894136215
སོན་པ,1,0.0030350855894136215
ས་འགལ་བ,1,0.0030350855894136215
མིན་པ་དེ་ཉིད་,1,0.0030350855894136215
ཆུ་བོ,1,0.0030350855894136215
བབས,1,0.0030350855894136215
ལ་སྔགས་,1,0.0030350855894136215
ལང་ཀ,1,0.0030350855894136215
ས་མཐ,1,0.0030350855894136215
སྟུག་པོ་,1,0.0030350855894136215
སྤྲུལ་པ་པོ་,1,0.0030350855894136215
བཟུང་རྒྱུ,1,0.0030350855894136215
ཚངས་རིས་,1,0.0030350855894136215
ཨེ་མ་,1,0.0030350855894136215
དུ་དགེ་སྦྱོང་,1,0.0030350855894136215
བསྐོར་,1,0.0030350855894136215
ཚེ་གཙང་རིས་,1,0.0030350855894136215
འཐོར་,1,0.0030350855894136215
ཞིང་ཨེ་མ་,1,0.0030350855894136215
འཛམ་བུ,1,0.0030350855894136215
འསྐོར་བ་,1,0.0030350855894136215
ས་དོན་དམ་,1,0.0030350855894136215
སྐབས་མཆིས་པ,1,0.0030350855894136215
མཐའ་མ,1,0.0030350855894136215
སྟེ་དེ་དོན་,1,0.0030350855894136215
སྒམ་པོ་པ,1,0.0030350855894136215
མཆུ་,1,0.0030350855894136215
ལྷུམས་,1,0.0030350855894136215
འཇོམས་,1,0.0030350855894136215
འབྲད་,1,0.0030350855894136215
ཕལ་པོ་,1,0.0030350855894136215
སྡོང་པོ་,1,0.0030350855894136215
ལུང་ཞུ་བ་,1,0.0030350855894136215
དེ་དང་པོ,1,0.0030350855894136215
སྒྲུབ་བྱེད་,1,0.0030350855894136215
ཚིག,1,0.0030350855894136215
ཞུ་བ་,1,0.0030350855894136215
སོགས་དགག་སྒྲུབ་,1,0.0030350855894136215
བརྗོད་དོན་,1,0.0030350855894136215
ཏེ་ཉོན་མོངས་པ་,1,0.0030350855894136215
བུ་སྡུག་,1,0.0030350855894136215
བསྔལ་,1,0.0030350855894136215
འབྱུང་བ་འཁོར་བ་,1,0.0030350855894136215
ན་ཉིས་,1,0.0030350855894136215
འགོག་པ་,1,0.0030350855894136215
ཐོབ་པ་མྱང་འདས་,1,0.0030350855894136215
བཅས་བླང་,1,0.0030350855894136215
ལུང་བཞི,1,0.0030350855894136215
བསྟན་པ་རབ་བྱུང་,1,0.0030350855894136215
འདེན་,1,0.0030350855894136215
༑བསྟན་བཅོས་,1,0.0030350855894136215
ལུང་སྡེ་བཞི,1,0.0030350855894136215
དོན་བདེན་,1,0.0030350855894136215
ཀུན་འབྱུང༌,1,0.0030350855894136215
གནས་མལ་,1,0.0030350855894136215
ལས་སྒོ་,1,0.0030350855894136215
དུ་སྲིད་པ,1,0.0030350855894136215
ཡང་དགེ་སློང་,1,0.0030350855894136215
ཁྱེད་ཅག་,1,0.0030350855894136215
ཡུནརིང་,1,0.0030350855894136215
ལཁོར་,1,0.0030350855894136215
ཤི་,1,0.0030350855894136215
སཱི་,1,0.0030350855894136215
བས,1,0.0030350855894136215
སྒྲིལ་པ་,1,0.0030350855894136215
མཆོད་རྟེན་,1,0.0030350855894136215
ཕ,1,0.0030350855894136215
བཞེད་པ་ཐེག་པ་,1,0.0030350855894136215
གོན་,1,0.0030350855894136215
ངེས་དོན,1,0.0030350855894136215
ཏེ་རྒྱུད་,1,0.0030350855894136215
ཡིན་མོད་འདི,1,0.0030350855894136215
ནི་ཐེག་པ་,1,0.0030350855894136215
སྟེ་རིམ་པ,1,0.0030350855894136215
རྒྱུ་འབྲས་བར་པ,1,0.0030350855894136215
མེད་པ་ཐ་མ,1,0.0030350855894136215
ནས་ཐེག་པ་,1,0.0030350855894136215
སྟེ་དཀོན་མཆོག་,1,0.0030350855894136215
ཕབ་པ,1,0.0030350855894136215
ར་ནོར་བུ་,1,0.0030350855894136215
བསྐྲུ་བ་,1,0.0030350855894136215
གསུམ་ཕྱི་བ་,1,0.0030350855894136215
ས་ཐ་མ་,1,0.0030350855894136215
རེ་ཙམ་,1,0.0030350855894136215
དྲྭ་བ,1,0.0030350855894136215
ངེས་དོན་དགོངས་,1,0.0030350855894136215
མིན་སྒྲ་,1,0.0030350855894136215
ས༌དྲང་དོན་,1,0.0030350855894136215
རྫུན་པ,1,0.0030350855894136215
ཏེ་འདི,1,0.0030350855894136215
ས་སྟོན་,1,0.0030350855894136215
ས་མཐའ་,1,0.0030350855894136215
ལྷུན་གྲུབ་,1,0.0030350855894136215
འདྲེན་བྱེད་,1,0.0030350855894136215
ཚུལ་འཁོར་བ,1,0.0030350855894136215
རྣམས་བསླུ་མེད་,1,0.0030350855894136215
ས་དོན་,1,0.0030350855894136215
དྲང་,1,0.0030350855894136215
སྒྲོན་མེ,1,0.0030350855894136215
བསྒོ་,1,0.0030350855894136215
མི་སྨྲ་,1,0.0030350855894136215
གསུང༌,1,0.0030350855894136215
དང་གསེར་འོད་,1,0.0030350855894136215
ས་བདེན་པ་,1,0.0030350855894136215
དང་སེམས་ཅན་,1,0.0030350855894136215
ལ་བདེན་རྫུན་,1,0.0030350855894136215
ཕྱེ་བ་,1,0.0030350855894136215
ང,1,0.0030350855894136215
གསོག་པ,1,0.0030350855894136215
སྟེ་དེ་ཕྱིར་,1,0.0030350855894136215
འཀའ་,1,0.0030350855894136215
སྐུ་མཆེད་,1,0.0030350855894136215
ལྟ་བུ་མདོར་ན་,1,0.0030350855894136215
མཐའ་བྲལ་,1,0.0030350855894136215
ཏེ་བཀའ་,1,0.0030350855894136215
བཟློག་,1,0.0030350855894136215
གཟིགས་པ་སློབ་དཔོན་,1,0.0030350855894136215
ཀྱང་ཕར་ཕྱིན་,1,0.0030350855894136215
སོགས་སེམས་,1,0.0030350855894136215
ཅིང་ཆོས་འཁོར་,1,0.0030350855894136215
ས་ལུང་བསྟན་པ,1,0.0030350855894136215
དེ་གང་ཟག་,1,0.0030350855894136215
སྐོར་,1,0.0030350855894136215
སྤྲོས་བྲལ་བ,1,0.0030350855894136215
འོད་གསལ་བ་,1,0.0030350855894136215
ཆོས་སྡེ་,1,0.0030350855894136215
ན་ལུང་སྡེ་བཞི་,1,0.0030350855894136215
སྡེ་སྣོད,1,0.0030350855894136215
ས་གོང་མ་,1,0.0030350855894136215
རྒན་མོ་,1,0.0030350855894136215
སྒྲ་མཁན་,1,0.0030350855894136215
སྤྲང་པོ་,1,0.0030350855894136215
དངོས་གྲུབ,1,0.0030350855894136215
བསྣུབས་པ,1,0.0030350855894136215
བཞུགས,1,0.0030350855894136215
ཚོགས,1,0.0030350855894136215
རྣམ་འབྱེད,1,0.0030350855894136215
གདཌ་པ,1,0.0030350855894136215
སྟེ་བདུན་པོ་,1,0.0030350855894136215
ན་དེ་ཉིད་,1,0.0030350855894136215
མེད་དགག་,1,0.0030350855894136215
སྣང་སྟོང་,1,0.0030350855894136215
བྱེད་པ་སློབ་དཔོན་,1,0.0030350855894136215
ཕལ་ཆེ་བ་,1,0.0030350855894136215
འཞེད་,1,0.0030350855894136215
ཞིང་རྟོགས་པ,1,0.0030350855894136215
སྟེ་དྲིན་ལན་,1,0.0030350855894136215
བསབ་,1,0.0030350855894136215
ར་བཙུན་མོ་,1,0.0030350855894136215
རི་དྭགས་,1,0.0030350855894136215
རྫིང་བུ,1,0.0030350855894136215
ཤར་བ་,1,0.0030350855894136215
ཆང་,1,0.0030350855894136215
རྩི་ཤིང་,1,0.0030350855894136215
ས་ཆུ་,1,0.0030350855894136215
སྤྲེའུ་,1,0.0030350855894136215
ཤི་བ,1,0.0030350855894136215
ར་ཀུན་,1,0.0030350855894136215
ས་མཚན་ཉིད་,1,0.0030350855894136215
བསླང་,1,0.0030350855894136215
ཞིང་ལ,1,0.0030350855894136215
ཡང་དག,1,0.0030350855894136215
སྐས,1,0.0030350855894136215
ཞི་བ་ལྷ,1,0.0030350855894136215
ཞེསསོ,1,0.0030350855894136215
་མཚན་ཉིད་,1,0.0030350855894136215
ཀྱང་སྔགས་ལམ་,1,0.0030350855894136215
འགྲོད་,1,0.0030350855894136215
ཏེ་དེ་ལས་,1,0.0030350855894136215
སྟེ་མདོ་སྔགས་,1,0.0030350855894136215
ས་རིམ་,1,0.0030350855894136215
དེ་ས་བཅུ,1,0.0030350855894136215
རྒྱུན་མཐའ་,1,0.0030350855894136215
དང་སྔོན་,1,0.0030350855894136215
སྦྱང་པ་,1,0.0030350855894136215
དེ་མཚན་ཉིད་,1,0.0030350855894136215
དགའ་བྱེད་,1,0.0030350855894136215
སུ་ཉོན་མོངས་པ,1,0.0030350855894136215
འདུག་ལུགས་,1,0.0030350855894136215
སྔགས༌,1,0.0030350855894136215
ཡང་འོག་མ་,1,0.0030350855894136215
ཏེ་ཨུཏྤ་,1,0.0030350855894136215
འདབ་མ་,1,0.0030350855894136215
འརྩེགས་པ་,1,0.0030350855894136215
བསྙུན་པ་,1,0.0030350855894136215
ཉེ་,1,0.0030350855894136215
འཛོམ་,1,0.0030350855894136215
སྐབས་གདངས་,1,0.0030350855894136215
ཞོགས་,1,0.0030350855894136215
འང་ཀྱེེཻ,1,0.0030350855894136215
ཨུཏྤ་,1,0.0030350855894136215
ན་རིམ་,1,0.0030350855894136215
ཀུན་ཁྱབ་,1,0.0030350855894136215
ལ་སྒྲིབ་བྱེད་,1,0.0030350855894136215
རྨོངས་པ་ཀུན་བརྟགས་,1,0.0030350855894136215
སམ་དེ་ཉིད་,1,0.0030350855894136215
རིམ་བཞིན་ས་,1,0.0030350855894136215
དེ་རྗེ་བཙུན་,1,0.0030350855894136215
ལ་ང་,1,0.0030350855894136215
ལ་བླ་མ,1,0.0030350855894136215
གདམས་ངགརྗེས་,1,0.0030350855894136215
ཏེ་རྟོགས་,1,0.0030350855894136215
སྒྲིབ,1,0.0030350855894136215
རྩོད་པ་,1,0.0030350855894136215
ཟློག་,1,0.0030350855894136215
མི་འགྱུར་བ་,1,0.0030350855894136215
འདོང་པ,1,0.0030350855894136215
བསླུའི་,1,0.0030350855894136215
ཟེར་དེ་,1,0.0030350855894136215
སྤྱན་,1,0.0030350855894136215
ཆོས་གྲགས་,1,0.0030350855894136215
ཕན་ཐོབ་པ་,1,0.0030350855894136215
ནི་ངེས་པར་,1,0.0030350855894136215
བརྩམ་,1,0.0030350855894136215
ནས་བཟུང་,1,0.0030350855894136215
སྐྱོན་བྲལ་,1,0.0030350855894136215
གིས་རྟོག་གེ་,1,0.0030350855894136215
དན་པ་,1,0.0030350855894136215
བྱེད་ལས་འབྲས་,1,0.0030350855894136215
༑མུ་སྟེགས་,1,0.0030350855894136215
ཡུལ,1,0.0030350855894136215
འཇལ་བྱེད་,1,0.0030350855894136215
བྱེད་ཐབས་,1,0.0030350855894136215
ཞིང་ཡུལ་,1,0.0030350855894136215
གསུམ་འཇལ་བྱེད་,1,0.0030350855894136215
བློ་རིག་,1,0.0030350855894136215
ཅིང་དེ,1,0.0030350855894136215
མངོན་སུམ,1,0.0030350855894136215
གསུམ་རྟོགས་,1,0.0030350855894136215
སྤྱི་བྱེ་,1,0.0030350855894136215
བྲག་,1,0.0030350855894136215
སེལ་འཇུག,1,0.0030350855894136215
སྒྲུབ་འཇུག་,1,0.0030350855894136215
གཞན་སེལ,1,0.0030350855894136215
ལྡོག,1,0.0030350855894136215
ཕྲལ་བ,1,0.0030350855894136215
དྲྭ་བ་,1,0.0030350855894136215
ཐ་མལ་པ་,1,0.0030350855894136215
བློ་བསྒྱུར་བ་,1,0.0030350855894136215
སྡེ་གཉིས,1,0.0030350855894136215
ས་ཕྱི་རོལ་པ,1,0.0030350855894136215
ཡོད་པ་དེ་སྲིད་,1,0.0030350855894136215
ཏེ་ང་,1,0.0030350855894136215
འཛིན་པ་རྟག་ལྟ་,1,0.0030350855894136215
ཐོས་པ་,1,0.0030350855894136215
ལ་དེ་ཙམ་,1,0.0030350855894136215
ཆེས་པ་,1,0.0030350855894136215
ཆད་ལྟ་,1,0.0030350855894136215
མ་བུ་,1,0.0030350855894136215
བར་ཡང་དག་,1,0.0030350855894136215
རྩད་,1,0.0030350855894136215
ནག་པ,1,0.0030350855894136215
བཀྲ་,1,0.0030350855894136215
ལོག་ལམ་,1,0.0030350855894136215
མུ་སྟེགས་པ,1,0.0030350855894136215
ཏེ་ལོག་པ,1,0.0030350855894136215
ཏེ་དེ་དག་,1,0.0030350855894136215
དགག་དབྱེ་,1,0.0030350855894136215
དག་མུ་སྟེགས་,1,0.0030350855894136215
འཕྱ་བ་,1,0.0030350855894136215
འབབ་པ་,1,0.0030350855894136215
ས་ཕྱིན་ཆད་,1,0.0030350855894136215
ཕྱིར་གཤིས་,1,0.0030350855894136215
ཡུན་,1,0.0030350855894136215
ཐུགས་རྒྱུད་,1,0.0030350855894136215
ཏཱ་ལ,1,0.0030350855894136215
སྲེག་,1,0.0030350855894136215
བཅད་བརྡར་བ,1,0.0030350855894136215
ར་ཞེས་,1,0.0030350855894136215
ཀྱང་ཆོས་ཉིད་,1,0.0030350855894136215
དེ་ལོག་ལམ་,1,0.0030350855894136215
ཚེག་,1,0.0030350855894136215
མི་སྣང་བ་དེ་,1,0.0030350855894136215
ཆོས་སྐྱོབ་,1,0.0030350855894136215
བྱ་རྗེས་,1,0.0030350855894136215
ལེགས་བྱས་,1,0.0030350855894136215
བརྡོལ་བོན་,1,0.0030350855894136215
འགྱར་,1,0.0030350855894136215
བསྒྱུར་བོན་,1,0.0030350855894136215
གིས་བདེན་,1,0.0030350855894136215
སྟེ་དེ,1,0.0030350855894136215
ངེས་འབྱེད་,1,0.0030350855894136215
སྐྱེས་པ་ཆོས་ཉིད་,1,0.0030350855894136215
རྩེ་མོ,1,0.0030350855894136215
དེ་རབ་,1,0.0030350855894136215
ས་ཐར་པ་,1,0.0030350855894136215
དབྱར་གནས་,1,0.0030350855894136215
ཁྱད་པར་སངས་རྒྱས་,1,0.0030350855894136215
སྟེ་གཞན་,1,0.0030350855894136215
དེ་ཆད་ལྟ,1,0.0030350855894136215
ཆལ་,1,0.0030350855894136215
ཡ་གྱལ་,1,0.0030350855894136215
ཡོད་མཐའ་,1,0.0030350855894136215
དྲིལ་གཡེར་,1,0.0030350855894136215
དང་ནང་པ,1,0.0030350855894136215
བས་བདག་,1,0.0030350855894136215
༑ཇོ་བོ,1,0.0030350855894136215
སྐྱབས་འགྲོ,1,0.0030350855894136215
དུ་ནང་པ,1,0.0030350855894136215
ཚུད་པ,1,0.0030350855894136215
གནག་རྫི་,1,0.0030350855894136215
པཎྜི་ཏ་,1,0.0030350855894136215
ཕྱི་པ,1,0.0030350855894136215
ཕྱིར་ནང་པ,1,0.0030350855894136215
དྲིལ་བུ་,1,0.0030350855894136215
སྦྱིན་ལེན་,1,0.0030350855894136215
ན་ཆུ་,1,0.0030350855894136215
འཐུང་བ་,1,0.0030350855894136215
འགྲོགས་,1,0.0030350855894136215
མི་སྨྲ་བ་,1,0.0030350855894136215
སྟེ་བརྟུལ་ཞུགས་,1,0.0030350855894136215
ཁྱད་པར་རིགས་ལམ་,1,0.0030350855894136215
དག་ཅི་,1,0.0030350855894136215
སྐྱོ,1,0.0030350855894136215
༑འདི་,1,0.0030350855894136215
བསྡུད་,1,0.0030350855894136215
སེལ་བ,1,0.0030350855894136215
འིབྱང་ཆུབ་,1,0.0030350855894136215
རྟ་,1,0.0030350855894136215
ཞོན་,1,0.0030350855894136215
སེམས་ཤེས་,1,0.0030350855894136215
སུ་ཞིག་,1,0.0030350855894136215
སྒྱིད་,1,0.0030350855894136215
འཞིན་,1,0.0030350855894136215
ཕྱིར་དུ་བྱང་ཆུབ་,1,0.0030350855894136215
ཁྱད་པར་ལམ་,1,0.0030350855894136215
མྱུར་བ་འབྲས་བུ་,1,0.0030350855894136215
འཇུག་པ་འབྲས་བུ་,1,0.0030350855894136215
གང༌ཞིག་,1,0.0030350855894136215
བརྡེག་,1,0.0030350855894136215
སྨིག་རྒྱུ,1,0.0030350855894136215
མཚུངས,1,0.0030350855894136215
དུམ་,1,0.0030350855894136215
ཏེ་གཞན་,1,0.0030350855894136215
ཡོད་གསེར་མདོག་,1,0.0030350855894136215
ན་རེ་,1,0.0030350855894136215
གྲས་,1,0.0030350855894136215
འགྲུས,1,0.0030350855894136215
༑ཞུས་,1,0.0030350855894136215
མ་ལ,1,0.0030350855894136215
བཀའ,1,0.0030350855894136215
ནང་རོལ་,1,0.0030350855894136215
ཆོས་དེ་,1,0.0030350855894136215
འགྲོས་,1,0.0030350855894136215
ཀྱང་མཚོན་,1,0.0030350855894136215
ལུགས་མ་,1,0.0030350855894136215
མདུད་,1,0.0030350855894136215
ཏེ་འཕོ་བ་,1,0.0030350855894136215
ཏེ་རྩ་,1,0.0030350855894136215
སྦྱངས་པ་,1,0.0030350855894136215
ཕར་ཕྱིན་པ,1,0.0030350855894136215
ས་ས་བཅུ་,1,0.0030350855894136215
པ་སངས་,1,0.0030350855894136215
རྣམས་སྔགས་,1,0.0030350855894136215
རེས་,1,0.0030350855894136215
དེ་རགས་པ,1,0.0030350855894136215
སྤོང,1,0.0030350855894136215
ས་སྔགས་,1,0.0030350855894136215
ཞིང་སློབ་དཔོན་,1,0.0030350855894136215
རོ་པ་,1,0.0030350855894136215
ཀྱང་སངས་རྒྱས་,1,0.0030350855894136215
རགས་པ་,1,0.0030350855894136215
ཞིང་ནོར་,1,0.0030350855894136215
ས་སོ་སོ,1,0.0030350855894136215
ཕྱིར་གནད་,1,0.0030350855894136215
སྡོག་,1,0.0030350855894136215
སྟེ་མི་དགེ་,1,0.0030350855894136215
ཡིན་པ་སོ་ཐར་,1,0.0030350855894136215
བཅོམ་པ་,1,0.0030350855894136215
བཅོམ་པ,1,0.0030350855894136215
སྤོང་བ་མི་ཆོས་,1,0.0030350855894136215
དང་པོ་སོ་ཐར་,1,0.0030350855894136215
ཡ་གྱལ,1,0.0030350855894136215
སྨོན་སེམས་,1,0.0030350855894136215
སོར་སྡོམ་,1,0.0030350855894136215
འགྲོ་བྱང་སེམས་,1,0.0030350855894136215
བདུན་གནང་,1,0.0030350855894136215
ས་གོང་,1,0.0030350855894136215
ཡངས་,1,0.0030350855894136215
དེ་ཡང་གོང་,1,0.0030350855894136215
ཆེ་ལོང་,1,0.0030350855894136215
བཅས་པ་ཉིས་,1,0.0030350855894136215
སླ་བ,1,0.0030350855894136215
ར་བྱང་སེམས་,1,0.0030350855894136215
ཞིབ་,1,0.0030350855894136215
ཏེ་གཞན་དོན་,1,0.0030350855894136215
འགྱུར་བ་སྔར་,1,0.0030350855894136215
སྤོང་བ་རྒྱུད་སྡེ་,1,0.0030350855894136215
ཤིང་སྔ་མ,1,0.0030350855894136215
བྱ་འབྲས་,1,0.0030350855894136215
མི་མཐུན་པ,1,0.0030350855894136215
ས་ལེན་,1,0.0030350855894136215
བསྲུང་བ་ཐ་དད་,1,0.0030350855894136215
བཅུ་བསྒྲུབ་བྱ་,1,0.0030350855894136215
ས་ཐ་དད་,1,0.0030350855894136215
ལ་འབངས་,1,0.0030350855894136215
བློན་པོ་,1,0.0030350855894136215
ན་འདོགས་,1,0.0030350855894136215
ཀྱང་ཉམས་,1,0.0030350855894136215
ས་བྱེ་བྲག་,1,0.0030350855894136215
སྟེ་འདི་,1,0.0030350855894136215
དེ་དགེ་,1,0.0030350855894136215
གཏུབས་པ,1,0.0030350855894136215
བློ་བུར་བ་,1,0.0030350855894136215
ཡིན་པ་སྙིང་པོ,1,0.0030350855894136215
༈ཕལ་པོ་,1,0.0030350855894136215
གཟུང་,1,0.0030350855894136215
༑རྒྱུད་,1,0.0030350855894136215
བློ་བུར་,1,0.0030350855894136215
མེད་པ་སངས་རྒྱས་,1,0.0030350855894136215
གངྒཱའི་,1,0.0030350855894136215
ཀླུང་,1,0.0030350855894136215
བྱེ་མ་,1,0.0030350855894136215
ས་རང་,1,0.0030350855894136215
བྱི་,1,0.0030350855894136215
གཏོར་,1,0.0030350855894136215
དེ་ཡན་,1,0.0030350855894136215
ཟེར་འགའ་ཞིག་,1,0.0030350855894136215
ལྡན་པ་དེ་ཉིད་,1,0.0030350855894136215
སུམ་ཅུ་,1,0.0030350855894136215
ན་ཀུན་སྤྱོད་,1,0.0030350855894136215
ཕྱུག་པ,1,0.0030350855894136215
ས་བྱང་ཕྱོགས་,1,0.0030350855894136215
གསུངས་པ་ལམ་,1,0.0030350855894136215
འབྲིང་པོ,1,0.0030350855894136215
དེ་སྦྱོར་ལམ་,1,0.0030350855894136215
དྲན་དབང་,1,0.0030350855894136215
སྟོབས་མཐོང་ལམ་,1,0.0030350855894136215
ཡན་ལག་བསྒོམ་,1,0.0030350855894136215
དྲན་པ་མཐ,1,0.0030350855894136215
འབྱུང་བ་དེ་,1,0.0030350855894136215
ཕྱིར་འཇིག་རྟེན་པ,1,0.0030350855894136215
ཡོད་པ་ལམ་,1,0.0030350855894136215
མ་ཟད་སྔགས་,1,0.0030350855894136215
འང་དེ་དག་,1,0.0030350855894136215
འཕྲོག་,1,0.0030350855894136215
འཕྲོག་མ་,1,0.0030350855894136215
ཆེན་པ,1,0.0030350855894136215
མཆོད་པ་,1,0.0030350855894136215
སོགསདང་,1,0.0030350855894136215
ཁྱབ,1,0.0030350855894136215
དེ་བཞིན་ཉིད,1,0.0030350855894136215
སོཊ་,1,0.0030350855894136215
བཟུང་མཛད་པ་,1,0.0030350855894136215
དཔེ་མཁྱུད་,1,0.0030350855894136215
བསྲུང་བ་,1,0.0030350855894136215
འཕྲུལ་པ་,1,0.0030350855894136215
ཐུགས,1,0.0030350855894136215
མི་སྨྲ,1,0.0030350855894136215
རིས,1,0.0030350855894136215
བཟང་ངན,1,0.0030350855894136215
བརྙས་པ,1,0.0030350855894136215
ཞེས་རིགས་,1,0.0030350855894136215
སྲེད་པ་,1,0.0030350855894136215
དང་ཉན་ཐོས་,1,0.0030350855894136215
དང་ཐེག་པ་,1,0.0030350855894136215
སྟེ་བྱང་ཆུབ་,1,0.0030350855894136215
རཐོབ་པ,1,0.0030350855894136215
ཏེ་རྐུ་,1,0.0030350855894136215
ངལ་,1,0.0030350855894136215
སྟེགས་,1,0.0030350855894136215
བསྐུལ་བ,1,0.0030350855894136215
ཏེ་བྱང་སེམས་,1,0.0030350855894136215
ཆེ་ཆེ,1,0.0030350855894136215
ས་འདུས་བྱས་,1,0.0030350855894136215
སུམ་,1,0.0030350855894136215
བཅོ་ལྔ,1,0.0030350855894136215
ལ་ཐག་,1,0.0030350855894136215
དེ་སློབ་དཔོན་,1,0.0030350855894136215
ས་ཕུང་པོ་,1,0.0030350855894136215
ས་དཔེར་ན་,1,0.0030350855894136215
ཁྱོ་ཤུག་,1,0.0030350855894136215
ཀྱང་ཕོ་མོ,1,0.0030350855894136215
བཞིན་ལུང་,1,0.0030350855894136215
འདུ,1,0.0030350855894136215
ཚ་,1,0.0030350855894136215
ཇི་སྲིད་པ་,1,0.0030350855894136215
དེ་དེ་ལྟར་,1,0.0030350855894136215
ན་མདོ་སྡེ་པ་,1,0.0030350855894136215
རྡུལ་ཕྲན་,1,0.0030350855894136215
ཇི་སྟེ་,1,0.0030350855894136215
ཅིང་གང་ཟག་,1,0.0030350855894136215
ཤེས་རྒྱུད་,1,0.0030350855894136215
དང་དེ་ནས་,1,0.0030350855894136215
རྟོག་དཔྱོད་,1,0.0030350855894136215
ཆོས་སེམས་,1,0.0030350855894136215
གཞིར་བཞག་དེ་ལས་,1,0.0030350855894136215
ཐེག་ཆེན་པ་,1,0.0030350855894136215
སྙམ་པ་,1,0.0030350855894136215
སེམས་བྱུང༌,1,0.0030350855894136215
གཏོད་པ,1,0.0030350855894136215
སླར་,1,0.0030350855894136215
ཐོག་མེད་,1,0.0030350855894136215
གང་བ,1,0.0030350855894136215
རྟེན་གནས་,1,0.0030350855894136215
ལུས་མེད་པ,1,0.0030350855894136215
བར་དོ,1,0.0030350855894136215
མཐའ་མེད་,1,0.0030350855894136215
ཅིང་སྣང་བ,1,0.0030350855894136215
ས་སྐྱེ་འགག,1,0.0030350855894136215
ཕྱིར་འཁོར་བ་,1,0.0030350855894136215
ཐོག་མཐའ་,1,0.0030350855894136215
ཅིང་འདི,1,0.0030350855894136215
བརྙེས་པ་གྲོང་ཁྱེར་,1,0.0030350855894136215
ཚེ་རྟེན་,1,0.0030350855894136215
ས་ང་,1,0.0030350855894136215
ལ་ཕྱི་,1,0.0030350855894136215
རྒྱུ་ས་,1,0.0030350855894136215
ཞིང་རྟག་ཆད་,1,0.0030350855894136215
ན་རྒ་ཤི,1,0.0030350855894136215
འགག་པ,1,0.0030350855894136215
ན་ཟག་མེད་,1,0.0030350855894136215
སོགས་པ,1,0.0030350855894136215
བཅུ་གཅིག་པོ་,1,0.0030350855894136215
ས་རིམ་བཞིན་,1,0.0030350855894136215
དེ་ཡང་རིམ་བཞིན་,1,0.0030350855894136215
དེ་ཡང་སྐད་ཅིག་,1,0.0030350855894136215
དེ་ཞེ་སྡང་,1,0.0030350855894136215
དུམ་བུ,1,0.0030350855894136215
སྟེ་རྟོག་པ་,1,0.0030350855894136215
བྱུང་ཚུལ་,1,0.0030350855894136215
དུས་འཁོར,1,0.0030350855894136215
རྟ་མགྲིན་,1,0.0030350855894136215
གཤམ་པ་,1,0.0030350855894136215
གདགས་པ,1,0.0030350855894136215
འབྱུང་བ་སྙན་ངག་,1,0.0030350855894136215
སྣོད་བཅུད་,1,0.0030350855894136215
ཚུ་རོལ་,1,0.0030350855894136215
དྲིམ་,1,0.0030350855894136215
ལ་ཤཱ་རི,1,0.0030350855894136215
རང་རོང་,1,0.0030350855894136215
ཞིང་ཚངས་པ་,1,0.0030350855894136215
རལ་བ་,1,0.0030350855894136215
ལྕགས་,1,0.0030350855894136215
ལས་ཤིང་,1,0.0030350855894136215
མ་ངེས་པ་ད་ལྟ་,1,0.0030350855894136215
ལོངས་སྤྱོད་པ,1,0.0030350855894136215
ཡོདདེ,1,0.0030350855894136215
ཀྱིས་ད་ལྟ་,1,0.0030350855894136215
ན་གདམ་,1,0.0030350855894136215
བྱ་དགའ་,1,0.0030350855894136215
ཅིང་མ་,1,0.0030350855894136215
དེ་སྔོན་ལས་,1,0.0030350855894136215
སྔོན་ལས་,1,0.0030350855894136215
ཞེ་འདོད་,1,0.0030350855894136215
དོར་བ,1,0.0030350855894136215
ཤིགརྡོ,1,0.0030350855894136215
འགྲིབ་,1,0.0030350855894136215
སྟེ་འཕེལ་བ་,1,0.0030350855894136215
འགྲིབ་པ་,1,0.0030350855894136215
ཟེརཡང་,1,0.0030350855894136215
འཕེལ་འགྲིབ་,1,0.0030350855894136215
གདོལ་བ་,1,0.0030350855894136215
སྟོབས་ཆེན་,1,0.0030350855894136215
ན་སུ,1,0.0030350855894136215
བསྒྲགས་,1,0.0030350855894136215
ཏེ་རིམ་གྱིས་,1,0.0030350855894136215
ས་ལྔ་,1,0.0030350855894136215
གསུངས་པ་ཆུ་ལུད་,1,0.0030350855894136215
མྱུ་གུ་,1,0.0030350855894136215
རེད་ལྟར་,1,0.0030350855894136215
དང་ལན་,1,0.0030350855894136215
ཞུས,1,0.0030350855894136215
སྟེ་ཁྱོད་,1,0.0030350855894136215
བསྙེན་བཀུར་བ་,1,0.0030350855894136215
གསུངས་དེ་ལྟར་,1,0.0030350855894136215
དང་སྔགས་,1,0.0030350855894136215
ར་ཕ་མ་,1,0.0030350855894136215
བྲམ་ཟེ,1,0.0030350855894136215
བཞི་རྒན་,1,0.0030350855894136215
མཐུན་འཇུག་,1,0.0030350855894136215
ཟོལ་ཟོག་,1,0.0030350855894136215
སུ་གཞན་དོན་,1,0.0030350855894136215
ས་སྒྲུབ་,1,0.0030350855894136215
ཆོས་ལུགས་,1,0.0030350855894136215
ལེགས་སྤྱད་,1,0.0030350855894136215
ལྷ་ཡུལ་,1,0.0030350855894136215
ས་མི་ཆོས་,1,0.0030350855894136215
དམ་དོན་,1,0.0030350855894136215
གནས་ཚད་,1,0.0030350855894136215
ཀྱང་འབུམ་,1,0.0030350855894136215
ཊིཀཱ་པ,1,0.0030350855894136215
ལན་ཅིག་,1,0.0030350855894136215
ཏིང༌ངེ༌འཛིན་,1,0.0030350855894136215
དེས་པ་,1,0.0030350855894136215
དང་ཁྲོ་,1,0.0030350855894136215
ཚེ་ལོ་,1,0.0030350855894136215
དུས་རྒྱལ་པོ་,1,0.0030350855894136215
རྟ་ཅན་,1,0.0030350855894136215
མི་འདའ,1,0.0030350855894136215
༽དུས་བཞི,1,0.0030350855894136215
གཙོ་ཕལ་,1,0.0030350855894136215
ལྷག་མཐོང་,1,0.0030350855894136215
གོ་རིམ་,1,0.0030350855894136215
ངེས་ཅན་,1,0.0030350855894136215
ཏེ་ལྔ་,1,0.0030350855894136215
ཁྱིམ་པ,1,0.0030350855894136215
བཞིན་པ,1,0.0030350855894136215
ནས་ཕྱིས་,1,0.0030350855894136215
བསླབས་པ་,1,0.0030350855894136215
ས་སྔོན་,1,0.0030350855894136215
འཆི་བ,1,0.0030350855894136215
རྒྱུ་འབྲས,1,0.0030350855894136215
ཉེས་དམིགས,1,0.0030350855894136215
བསྒོམས་,1,0.0030350855894136215
སྔ་ཐུན་,1,0.0030350855894136215
ན་འཇིག་རྟེན་,1,0.0030350855894136215
འཁྱམས་,1,0.0030350855894136215
ན་ཉེས་པ་,1,0.0030350855894136215
བཙན་པ,1,0.0030350855894136215
ན་བསྐྱེད་རྫོགས་,1,0.0030350855894136215
དང་དགེ་རྩ་,1,0.0030350855894136215
ཟ་བ,1,0.0030350855894136215
རྗེའི་,1,0.0030350855894136215
འབྱུང་བ་དགོངས་,1,0.0030350855894136215
ཡང་སངས་རྒྱས་,1,0.0030350855894136215
བྱོན་པ་,1,0.0030350855894136215
ཐུག་པ་,1,0.0030350855894136215
དང་པདྨ་,1,0.0030350855894136215
དུས་སངས་རྒྱས་,1,0.0030350855894136215
འབྱོན་པ,1,0.0030350855894136215
ལུང་དོན་,1,0.0030350855894136215
མཛད་པ་ཞིང་,1,0.0030350855894136215
ཤིང་བོན་,1,0.0030350855894136215
བཅོ་ལྔ་,1,0.0030350855894136215
༈གཞན་དག་,1,0.0030350855894136215
ན་རེ་འདུལ་བ,1,0.0030350855894136215
ཞེས་པ་རང་ཉིད་,1,0.0030350855894136215
ཏེ་གནས་སྐབས་,1,0.0030350855894136215
བདེ་སྐྱིད་,1,0.0030350855894136215
སྟེ་ཚུལ་ཁྲིམས་,1,0.0030350855894136215
ཤིང་ལུས་,1,0.0030350855894136215
བྱང་ཆུབ,1,0.0030350855894136215
༑བཤེས་,1,0.0030350855894136215
ལགས་པ,1,0.0030350855894136215
སྲོག་གཅོད་པ་,1,0.0030350855894136215
ཕམ,1,0.0030350855894136215
སྒྲ་དོན་,1,0.0030350855894136215
པྲ་,1,0.0030350855894136215
མོཀྵ་,1,0.0030350855894136215
ཞེས་པ་དྲི་མེད་,1,0.0030350855894136215
ཉེན་,1,0.0030350855894136215
བམ་པོ་,1,0.0030350855894136215
ནི་དགག་སྒྲུབ་,1,0.0030350855894136215
ཕར་ཉམས་,1,0.0030350855894136215
ཐོབ་བྱེད་,1,0.0030350855894136215
སེམས་བསྐྱེད་པ་ལུང་,1,0.0030350855894136215
ས་འོད་ལྡན་,1,0.0030350855894136215
རིམས་ནད་,1,0.0030350855894136215
ཐར་བ,1,0.0030350855894136215
རིམ་པ་སྐྱེས་,1,0.0030350855894136215
རྐང་ལག་,1,0.0030350855894136215
སོགས་བྱ་,1,0.0030350855894136215
འཞུགས་པ,1,0.0030350855894136215
འང,1,0.0030350855894136215
དེ་ལས་བསྟན་པ,1,0.0030350855894136215
ཡང་འདུ་,1,0.0030350855894136215
ས་ཐབས་ཤེས་,1,0.0030350855894136215
དོན་དགག་སྒྲུབ་,1,0.0030350855894136215
ཡིན་པ་བོད་,1,0.0030350855894136215
ཤིང་དེ་ལས་,1,0.0030350855894136215
དང་ལ,1,0.0030350855894136215
ས་སྟོབས་,1,0.0030350855894136215
ལོ་པཎ་,1,0.0030350855894136215
བསྟོད,1,0.0030350855894136215
བཙུན་པ,1,0.0030350855894136215
དམྱལ་བ་པ་,1,0.0030350855894136215
སྙན་,1,0.0030350855894136215
ཕ་མ,1,0.0030350855894136215
༢ནད་པ་,1,0.0030350855894136215
༣,1,0.0030350855894136215
མཛེས་པ་,1,0.0030350855894136215
མཛེས་པ,1,0.0030350855894136215
༤,1,0.0030350855894136215
སྦྱོད་,1,0.0030350855894136215
བྱུང,1,0.0030350855894136215
ས་བཀྲོད་,1,0.0030350855894136215
བཀྲད,1,0.0030350855894136215
འགྲམ་,1,0.0030350855894136215
ཐག་མེ་,1,0.0030350855894136215
བསྲོ་ཁང་,1,0.0030350855894136215
བརྟེན་ལྷ,1,0.0030350855894136215
སྐལ་,1,0.0030350855894136215
ན་འདི་,1,0.0030350855894136215
བྱས་པ་བདེན་པ་,1,0.0030350855894136215
མཚམས་མེད་པ,1,0.0030350855894136215
ས་བར་,1,0.0030350855894136215
སྟེ་མ་སྐྱེས་དགྲ,1,0.0030350855894136215
བདུན་ཅུ་,1,0.0030350855894136215
བླངས་པ་,1,0.0030350855894136215
ཡོད་དེ་,1,0.0030350855894136215
མཇལ༌,1,0.0030350855894136215
ཏེ༌,1,0.0030350855894136215
ས་སྡོམ་པ་,1,0.0030350855894136215
ནོ་དེས་ན་,1,0.0030350855894136215
ལོག་པ་,1,0.0030350855894136215
གཟུགས་ཕུང་,1,0.0030350855894136215
བར་མ,1,0.0030350855894136215
གཟུགས་ཅན་,1,0.0030350855894136215
ཆོས་ཁམས,1,0.0030350855894136215
ཅིང་ཐོག་པ་,1,0.0030350855894136215
ཆུ་ལོན་,1,0.0030350855894136215
ཤཱ་,1,0.0030350855894136215
ཏེ་མཛོད་,1,0.0030350855894136215
འདུས་མ་བྱས་,1,0.0030350855894136215
ཀྱང་ཆོས་,1,0.0030350855894136215
ཡིན་པ་དགེ་,1,0.0030350855894136215
གང་དེ,1,0.0030350855894136215
བསམ་སྦྱོར་བ་,1,0.0030350855894136215
སེམས་དེ,1,0.0030350855894136215
འགག,1,0.0030350855894136215
དེས་པ,1,0.0030350855894136215
གསུངས་སེམས་,1,0.0030350855894136215
རྨ་,1,0.0030350855894136215
ཀུན་སློང་,1,0.0030350855894136215
སྟེ་དགེ་སློང་,1,0.0030350855894136215
ཚོགས་ཅན་,1,0.0030350855894136215
སྐབས་པ་,1,0.0030350855894136215
བཟང་མོ་,1,0.0030350855894136215
དང་འཁོར་,1,0.0030350855894136215
ཞོར་,1,0.0030350855894136215
འཁོར་བཅས་,1,0.0030350855894136215
འདོད་ཆགས་་་,1,0.0030350855894136215
དང་ཤེས་རབ་,1,0.0030350855894136215
ཞིང,1,0.0030350855894136215
xརང་,1,0.0030350855894136215
xའདི་,1,0.0030350855894136215
xཐམས་ཅད་,1,0.0030350855894136215
སྤྱོད་ཚུལ་,1,0.0030350855894136215
ཏེ་ཐབ་,1,0.0030350855894136215
བསད་,1,0.0030350855894136215
སྐར་ཁུང་,1,0.0030350855894136215
བཞིན་ཡིད་,1,0.0030350855894136215
ལུས་ངག་་་་,1,0.0030350855894136215
ཁེག་,1,0.0030350855894136215
ཁེག་པ་ཉེས་པ,1,0.0030350855894136215
ཤི་འཕོས་,1,0.0030350855894136215
ལུང༌,1,0.0030350855894136215
ལོན,1,0.0030350855894136215
བསྙེན་རྫོགས་,1,0.0030350855894136215
དགུ་པོ,1,0.0030350855894136215
དགུ་པོ་,1,0.0030350855894136215
དེ་ལུང་,1,0.0030350855894136215
ཕུལ་བ་,1,0.0030350855894136215
སྟེ་མུ་,1,0.0030350855894136215
གཏོང༌,1,0.0030350855894136215
བསྡམས་,1,0.0030350855894136215
ནས་ཡུལ་,1,0.0030350855894136215
གོམས་,1,0.0030350855894136215
སྤྱོད,1,0.0030350855894136215
ནས་ལྷ,1,0.0030350855894136215
སྟབས་,1,0.0030350855894136215
ཀྱང་འདུ་ཤེས་,1,0.0030350855894136215
ན་བསྲུང་བ,1,0.0030350855894136215
ཀུན་ཤེས་,1,0.0030350855894136215
ཀཽཎྜི་,1,0.0030350855894136215
ནྱར་,1,0.0030350855894136215
ཞིག་པ,1,0.0030350855894136215
ཁ་ཆེ་,1,0.0030350855894136215
ཡང་གཞན་,1,0.0030350855894136215
ན་གཅིག་,1,0.0030350855894136215
ཕམ་པ་,1,0.0030350855894136215
དང་ཉམས་པ་,1,0.0030350855894136215
རེ་གཉིས་,1,0.0030350855894136215
སྲུང་མ་,1,0.0030350855894136215
མྱ་,1,0.0030350855894136215
བས་སྣ་,1,0.0030350855894136215
གཅིག་པོ་,1,0.0030350855894136215
མིི་,1,0.0030350855894136215
འཇིག་པ་ཕྱི་བཤོལ་,1,0.0030350855894136215
ཕྱིར་ཡང་,1,0.0030350855894136215
འབད་པ་,1,0.0030350855894136215
ལག་པ་,1,0.0030350855894136215
སྟེ་ཁྱིམ་,1,0.0030350855894136215
རྒྱུ་བ་,1,0.0030350855894136215
ལ་གཅིག་,1,0.0030350855894136215
རྐོ་,1,0.0030350855894136215
ཨ་མྲ,1,0.0030350855894136215
སྒྱིས་,1,0.0030350855894136215
ཏེ་རང་བཞིན་,1,0.0030350855894136215
ཁ་ན་མ་ཐོ་བ་,1,0.0030350855894136215
སྟེ་སངས་རྒྱས་,1,0.0030350855894136215
དང་བརྩེ་བ་,1,0.0030350855894136215
སྙོམས་པ,1,0.0030350855894136215
བརྩོན་པ་,1,0.0030350855894136215
ཞིང་ཕན་བདེ་,1,0.0030350855894136215
སྦྱོར་བ,1,0.0030350855894136215
ཕྱིར་རང་བཞིན་,1,0.0030350855894136215
བཅས་བ་,1,0.0030350855894136215
ཀྱང་གཤིས་,1,0.0030350855894136215
ཅི་སྙམ་,1,0.0030350855894136215
ཞིང་མྱ་,1,0.0030350855894136215
ཕྱོགས་པ་,1,0.0030350855894136215
གསུངས༌པ་,1,0.0030350855894136215
ནི་དཔེར་ན་,1,0.0030350855894136215
ཉན་པ་,1,0.0030350855894136215
བྱར་མེད་པ,1,0.0030350855894136215
སྐྱུར་བ་,1,0.0030350855894136215
སྤངས་རྟོགས་,1,0.0030350855894136215
བཅའ་,1,0.0030350855894136215
འཆའ་,1,0.0030350855894136215
མ་གཏོགས་དགག་སྒྲུབ་,1,0.0030350855894136215
འབབ་པ,1,0.0030350855894136215
ནི་སྡིག་ལྟུང་,1,0.0030350855894136215
འབྱེདལས,1,0.0030350855894136215
བྱ་བ་སེམས་ཅན་,1,0.0030350855894136215
དང་གཤིན་རྗེ,1,0.0030350855894136215
ཟན་,1,0.0030350855894136215
བཤོས་,1,0.0030350855894136215
ཤིང,1,0.0030350855894136215
ཕྱིར་བཅོས་,1,0.0030350855894136215
སྡེ,1,0.0030350855894136215
ནི་སྤང་བླང་,1,0.0030350855894136215
གང་ཞིག,1,0.0030350855894136215
ན་སྐྱོན་,1,0.0030350855894136215
གཉིས་གནང་བཀག་,1,0.0030350855894136215
དང་དེ་ལས་,1,0.0030350855894136215
ནད་པ,1,0.0030350855894136215
སྨན,1,0.0030350855894136215
མོ་ལ་,1,0.0030350855894136215
ཆུས་,1,0.0030350855894136215
ཁུར་བ,1,0.0030350855894136215
མ་གཏོགས་རྨི་ལམ་,1,0.0030350855894136215
ཀྱང་ཕྲ་,1,0.0030350855894136215
ལས་ཉེས་པ་,1,0.0030350855894136215
འབྱུང་བ་ཕྲ་,1,0.0030350855894136215
ས་དངོས་,1,0.0030350855894136215
ན་ཉིན་,1,0.0030350855894136215
གཉིད་,1,0.0030350855894136215
སྲོད་,1,0.0030350855894136215
ཐོ་,1,0.0030350855894136215
ཉལ་བ་,1,0.0030350855894136215
འགྲོ་བ་གཞན་,1,0.0030350855894136215
ཐུགས་བསྐྱེད་པ,1,0.0030350855894136215
ཏེ་ཆོས་,1,0.0030350855894136215
མིན་པ་མཐའ་ཡས་པ,1,0.0030350855894136215
སཱིར,1,0.0030350855894136215
གསལ་ལྡན་,1,0.0030350855894136215
བསལ་བ་,1,0.0030350855894136215
ཐམས་ཅད་དགེ་,1,0.0030350855894136215
དུ་རྒྱལ་སྲིད་,1,0.0030350855894136215
སྣ་བོ་,1,0.0030350855894136215
བསྒོ་བ་,1,0.0030350855894136215
ན་དེ་བཞིན་,1,0.0030350855894136215
ལ་གཞན་,1,0.0030350855894136215
གྱི་འགྲོ་བ་,1,0.0030350855894136215
ཀྱང་ཉེས་པ་,1,0.0030350855894136215
སྟེ་བཅས་,1,0.0030350855894136215
དང་འགྲོ་བ་,1,0.0030350855894136215
ཕྱིར་སྐྱོན་ཡོན་,1,0.0030350855894136215
གཞག་པ་,1,0.0030350855894136215
ས་ལུ་,1,0.0030350855894136215
འཇོག་,1,0.0030350855894136215
ས་ཕྱིས་,1,0.0030350855894136215
དྲང་སྲོང་,1,0.0030350855894136215
ས་གཡང་གཞི་,1,0.0030350855894136215
ཡོ་བྱད་,1,0.0030350855894136215
ལྷག་པོ་,1,0.0030350855894136215
བཅངས་པ,1,0.0030350855894136215
ས་མངོན་ཤེས་,1,0.0030350855894136215
ཤི,1,0.0030350855894136215
ས་གཏན་ཁྲིམས་,1,0.0030350855894136215
ཤིང་གཞན་,1,0.0030350855894136215
ཚད་སུམ་ཅུ་རྩ་གསུམ་,1,0.0030350855894136215
ཀྱང་གཙོ་བོ,1,0.0030350855894136215
སྨྲོས་པ་,1,0.0030350855894136215
ཉེ་ཞོ,1,0.0030350855894136215
ས་པ,1,0.0030350855894136215
ས་ཐོབ་པ,1,0.0030350855894136215
སྐད,1,0.0030350855894136215
གལ་ཆེ་,1,0.0030350855894136215
བསྙེན་བཀུར་,1,0.0030350855894136215
ཕྱག་རྟེན་,1,0.0030350855894136215
ལས་ཆོག་,1,0.0030350855894136215
ས་བྱ་བ་,1,0.0030350855894136215
ས་ཁྲེལ་ཡོད་,1,0.0030350855894136215
ངོ་ཚ་,1,0.0030350855894136215
གསོལ་,1,0.0030350855894136215
ནས་སྟོན་པ་,1,0.0030350855894136215
ནས་ཆོ་ག་,1,0.0030350855894136215
བདག་གཞན་,1,0.0030350855894136215
སྡང༌,1,0.0030350855894136215
ས་འདི་,1,0.0030350855894136215
ཤིང་འབྲས་བུ་,1,0.0030350855894136215
མཐོ་བ,1,0.0030350855894136215
ཕྱིར་ཁྱོད་,1,0.0030350855894136215
ནི་དམྱལ་བ་,1,0.0030350855894136215
ཡི་དྭགས་,1,0.0030350855894136215
ཡང་ཡུན་ཐུང་,1,0.0030350855894136215
རྨོངས་,1,0.0030350855894136215
བླུན་པ་,1,0.0030350855894136215
གཏི་མུག་པ,1,0.0030350855894136215
ཞིང་སྡུག་བསྔལ་,1,0.0030350855894136215
ཉིན་,1,0.0030350855894136215
ས་ཐར་,1,0.0030350855894136215
༑དུད་འགྲོ,1,0.0030350855894136215
བླང་པ,1,0.0030350855894136215
ཐོག་མ་,1,0.0030350855894136215
ལས༌མ་,1,0.0030350855894136215
དེ་འཁོར་བ,1,0.0030350855894136215
ཀྱིས་ལན་,1,0.0030350855894136215
ཡང་ཐོག་མ,1,0.0030350855894136215
ཏེ་མཆོག་,1,0.0030350855894136215
ཕྱིར་སྤོང་,1,0.0030350855894136215
དྲིས་པ,1,0.0030350855894136215
ས་དགེ་སློང་,1,0.0030350855894136215
འཁྲུགས་,1,0.0030350855894136215
བཟན་,1,0.0030350855894136215
ཐང་,1,0.0030350855894136215
དགའ་ལྡན་,1,0.0030350855894136215
འགྱོད་པ་,1,0.0030350855894136215
སྔོན་ཆད,1,0.0030350855894136215
×ཕྱིས་,1,0.0030350855894136215
སྤྲིན,1,0.0030350855894136215
×དགའ་བོ་,1,0.0030350855894136215
྾,1,0.0030350855894136215
དབྱིག་གཉེན་,1,0.0030350855894136215
ལྕི,1,0.0030350855894136215
ལ་བ་,1,0.0030350855894136215
གྱོན་,1,0.0030350855894136215
བ་ཀུ་ལ,1,0.0030350855894136215
བསྡིག་པ,1,0.0030350855894136215
འདི་འདྲ,1,0.0030350855894136215
ས་ཐེག་པ་,1,0.0030350855894136215
འི་སྙིང་རྗེ་,1,0.0030350855894136215
ཏེ་སྙིང་རྗེ་,1,0.0030350855894136215
ཁྲ་,1,0.0030350855894136215
སྤྱང་ཀི་,1,0.0030350855894136215
སྟེ་སྙིང་རྗེ་,1,0.0030350855894136215
དམིགས་ཡུལ་,1,0.0030350855894136215
ཕྱེས་པ་,1,0.0030350855894136215
སྐྱེ་བྱང་སེམས་,1,0.0030350855894136215
ཐར་,1,0.0030350855894136215
སྟེ་མཐར་ཐུག་པ,1,0.0030350855894136215
ཕྱིར་མཁར་,1,0.0030350855894136215
རྨང་རྡོ་,1,0.0030350855894136215
དེ་སྐད་་,1,0.0030350855894136215
རྗེས,1,0.0030350855894136215
྾དེ་བཞིན་,1,0.0030350855894136215
དམ་ཆོས,1,0.0030350855894136215
×གཞི་,1,0.0030350855894136215
✖ཞེས་,1,0.0030350855894136215
ན་སྔགས་,1,0.0030350855894136215
ན་འབྲས་བུ,1,0.0030350855894136215
ཤ,1,0.0030350855894136215
བྱང་སྙིང་རྗེ,1,0.0030350855894136215
འདུན,1,0.0030350855894136215
མི་ཟད,1,0.0030350855894136215
ས་མཚམས་,1,0.0030350855894136215
ཕྲ་རགས་,1,0.0030350855894136215
བརྡ་,1,0.0030350855894136215
དང་ཆོས་ཉིད་,1,0.0030350855894136215
ན་སྨོན་,1,0.0030350855894136215
བསྡུས་པ་བྱང་སེམས་,1,0.0030350855894136215
སྤྱོད་འཇུག,1,0.0030350855894136215
བཏུས་,1,0.0030350855894136215
དོན་བསྡུས,1,0.0030350855894136215
ཙནྡྲ་,1,0.0030350855894136215
གོ་མི,1,0.0030350855894136215
ཉི་ཤུ་པ,1,0.0030350855894136215
རྙེད་,1,0.0030350855894136215
བཀུར་སྟི,1,0.0030350855894136215
ཆོས་ནོར་,1,0.0030350855894136215
སྟེར་,1,0.0030350855894136215
ཉན་པ,1,0.0030350855894136215
འཚོག་པ་,1,0.0030350855894136215
དང་པོ་པ་,1,0.0030350855894136215
མཐོང་སྤང་,1,0.0030350855894136215
བརྒྱ་རྩ་,1,0.0030350855894136215
ས་འཇིག་ཚོགས་,1,0.0030350855894136215
ཏེ་བདག་,1,0.0030350855894136215
ས་སོ་སོ་,1,0.0030350855894136215
སྡུད་,1,0.0030350855894136215
དེ་གསུམ་པོ་,1,0.0030350855894136215
ནས་ས་བཅུ་པ,1,0.0030350855894136215
ཡིན་ཡང་ཉམས་,1,0.0030350855894136215
ཚུལ་ཟུང་,1,0.0030350855894136215
ནུས་རེ་,1,0.0030350855894136215
ཀན་,1,0.0030350855894136215
སྨོན་པ་དེ,1,0.0030350855894136215
བཀོལ་བ་,1,0.0030350855894136215
རེ་ཟུང་,1,0.0030350855894136215
ཚོད་མ་,1,0.0030350855894136215
ཀྱང་སྨོན་སེམས་,1,0.0030350855894136215
ས་འཇུག་པ,1,0.0030350855894136215
ཟད་དག་པ,1,0.0030350855894136215
སྟེ་རྟེན་འབྲེལ་,1,0.0030350855894136215
ཆུ་སྐྱེས་,1,0.0030350855894136215
སོང་བ་གླང་,1,0.0030350855894136215
དོམ་,1,0.0030350855894136215
སྤྲེའུ,1,0.0030350855894136215
༑མདོ་,1,0.0030350855894136215
྾འབྱོར་བ,1,0.0030350855894136215
×ཉོན་མོངས,1,0.0030350855894136215
྾ཅེས་,1,0.0030350855894136215
དང་ཕྲིན་ལས་,1,0.0030350855894136215
ན་ས་བཅུ་པ་,1,0.0030350855894136215
ལྟུང་པ,1,0.0030350855894136215
མི་འདོད་པ་རྟག་ཆད་,1,0.0030350855894136215
འགའ་ཞིག་བྱང་སེམས་,1,0.0030350855894136215
ས་སྤང་བྱ,1,0.0030350855894136215
མཆོད་,1,0.0030350855894136215
ན་གྲུབ་པ་,1,0.0030350855894136215
སྙོམ་ལས་,1,0.0030350855894136215
མ་གྲུབ་པ་ཉོན་མོངས་,1,0.0030350855894136215
ན་ལྟུང་,1,0.0030350855894136215
ན་ཉོན་མོངས་,1,0.0030350855894136215
ན་ཕུང་,1,0.0030350855894136215
ལྟུང་པ་,1,0.0030350855894136215
ཏེ་རྩ་ཉོན་,1,0.0030350855894136215
ཉེ་ཉོན་,1,0.0030350855894136215
བག་མེད་པ,1,0.0030350855894136215
བརྗེད་ངས་,1,0.0030350855894136215
གྱུར་པ་དེད་དཔོན་,1,0.0030350855894136215
ཁྱེའུ་,1,0.0030350855894136215
སྐར་མ་,1,0.0030350855894136215
དེ་བྱང་སེམས་,1,0.0030350855894136215
ཡལ་བ,1,0.0030350855894136215
ནས་གཞན་དོན་,1,0.0030350855894136215
ཐོབ་པ་དམྱལ་བ,1,0.0030350855894136215
དབང་མེད་,1,0.0030350855894136215
པའི,1,0.0030350855894136215
མ་འོངས་པ,1,0.0030350855894136215
ཞིང་བྱུང་བ་,1,0.0030350855894136215
གཅིག་པོ་དེ,1,0.0030350855894136215
ནས་སངས་རྒྱས་པ,1,0.0030350855894136215
སེང་ལྡེང་,1,0.0030350855894136215
ཟུགས་,1,0.0030350855894136215
ཏེ་འབྲས་བུ་འབྱུང་བ,1,0.0030350855894136215
ས་སེམས་ཅན་,1,0.0030350855894136215
སང་,1,0.0030350855894136215
ཀྱང་བླང་,1,0.0030350855894136215
ངོ་མ་,1,0.0030350855894136215
ན་སྤོང་,1,0.0030350855894136215
ཤེར་ཕྱིན་,1,0.0030350855894136215
གསུངས་པ་འདི་,1,0.0030350855894136215
ཝ་སྐྱེས་,1,0.0030350855894136215
ན་རྐེད་པ་,1,0.0030350855894136215
གཟབ་,1,0.0030350855894136215
འདེབས་པ་,1,0.0030350855894136215
དང་རང་གཞན་,1,0.0030350855894136215
བརྗེ་བ,1,0.0030350855894136215
བརྗེ་བ་,1,0.0030350855894136215
དེ་ཐབས་ལམ་,1,0.0030350855894136215
དེ་བཟོད་པ་,1,0.0030350855894136215
རྩེ་,1,0.0030350855894136215
བཏབ་པ,1,0.0030350855894136215
ཅིང་གྲུབ་,1,0.0030350855894136215
མནན་,1,0.0030350855894136215
བྱིན་པ,1,0.0030350855894136215
ཚོགས་སྦྱོར་,1,0.0030350855894136215
ནས་སྦྱོར་བ་,1,0.0030350855894136215
རླབས་པོ་ཆེ་,1,0.0030350855894136215
ལུས,1,0.0030350855894136215
ཕྲན་ཚེགས་,1,0.0030350855894136215
དུས་ལམ་,1,0.0030350855894136215
མཛའ་བོ,1,0.0030350855894136215
དགོས་པ་ཆོས་རྗེ,1,0.0030350855894136215
ཡུལ་མར་,1,0.0030350855894136215
ཆུང་མ་,1,0.0030350855894136215
བདག་ཅག་,1,0.0030350855894136215
ནུས་གནས་སྐབས་,1,0.0030350855894136215
རྒྱ་བ་དེས་ན་,1,0.0030350855894136215
ཚོགས་གསོག་,1,0.0030350855894136215
བདུད་རྩི,1,0.0030350855894136215
ཏེ་ཟད་པ་,1,0.0030350855894136215
གཏོང་འདི་ཁོ་ན་,1,0.0030350855894136215
ས་གེགས་,1,0.0030350855894136215
ཁྱད་འཕགས་,1,0.0030350855894136215
ས་བྱང་སེམས་,1,0.0030350855894136215
ཏེ་བདེ་བ,1,0.0030350855894136215
ཆོས་ཅན་སེམས་དཔ,1,0.0030350855894136215
མི་རིགས་པ,1,0.0030350855894136215
བསླང་པ་,1,0.0030350855894136215
ཕྱུང་བ་,1,0.0030350855894136215
གཤེ་བ་,1,0.0030350855894136215
གནོད་སེམས་,1,0.0030350855894136215
ཞེས་པ་འབྲས་བུ་,1,0.0030350855894136215
སྐྱོང་བ,1,0.0030350855894136215
མུ་བཞི་,1,0.0030350855894136215
ས་འཕེན་,1,0.0030350855894136215
དགེ་བ་བ་,1,0.0030350855894136215
སྔུག་,1,0.0030350855894136215
དད་གུས་,1,0.0030350855894136215
འབྲུམ་བུ་,1,0.0030350855894136215
མེ་དབལ་,1,0.0030350855894136215
ཐེབས་པ་,1,0.0030350855894136215
དང་ཚེ་,1,0.0030350855894136215
དར་ཅིག་,1,0.0030350855894136215
ན་རེ་སེམས་ཅན་,1,0.0030350855894136215
དྲན,1,0.0030350855894136215
བསགས,1,0.0030350855894136215
སྦྱོང་,1,0.0030350855894136215
ཏེ་བསོད་ནམས་,1,0.0030350855894136215
སྡུད་པ་ཏིང་ངེ་འཛིན་,1,0.0030350855894136215
ས་ལི་,1,0.0030350855894136215
ཙཱ་,1,0.0030350855894136215
བི་,1,0.0030350855894136215
ཀྱང་ནག་པོ,1,0.0030350855894136215
ས་ད་བར་,1,0.0030350855894136215
ས་ངས་,1,0.0030350855894136215
སྡོང་,1,0.0030350855894136215
ཀྱང་བརྗེད་,1,0.0030350855894136215
ལུག་ར་,1,0.0030350855894136215
མིའཆོར་,1,0.0030350855894136215
དང་གཤེགས་,1,0.0030350855894136215
འཆོར་བ་,1,0.0030350855894136215
སྙོམ་,1,0.0030350855894136215
དང་བདུན་པ་,1,0.0030350855894136215
མན་,1,0.0030350855894136215
ཀྱིས་སོ་སོ,1,0.0030350855894136215
སྟེ་ཤེས་སྒྲིབ་,1,0.0030350855894136215
ཡིན་པ་རྒྱ་,1,0.0030350855894136215
ལོན་པ་,1,0.0030350855894136215
བཤིག,1,0.0030350855894136215
བསྲེག,1,0.0030350855894136215
ཕྱིར་སྒྲིབ་པ་,1,0.0030350855894136215
ཨ་,1,0.0030350855894136215
ཡོ་ག,1,0.0030350855894136215
བྱང་བ,1,0.0030350855894136215
ཆ་མེད་,1,0.0030350855894136215
ཕྱོགས་ཆ་,1,0.0030350855894136215
ན་འཁོར་བ་,1,0.0030350855894136215
ཤེས་བྱེད་,1,0.0030350855894136215
དང་པོ་པ,1,0.0030350855894136215
གནོན་པ,1,0.0030350855894136215
སྟོང་པ་ཉིད,1,0.0030350855894136215
བཟོད་པ,1,0.0030350855894136215
དངོས་མེད་པ,1,0.0030350855894136215
དང་རྨིག་,1,0.0030350855894136215
དང་ཡུངས་འབྲུ་,1,0.0030350855894136215
སྲིན་,1,0.0030350855894136215
ཏེ་ཐེག་,1,0.0030350855894136215
གེགས་བྱེད་,1,0.0030350855894136215
གེགས,1,0.0030350855894136215
ཏེ་ས་བཅུ་པ,1,0.0030350855894136215
ཤིང་གསུངས་,1,0.0030350855894136215
དང་རང་,1,0.0030350855894136215
རྒྱལ་བློན་,1,0.0030350855894136215
མཉས་,1,0.0030350855894136215
ཕྲེང་བ,1,0.0030350855894136215
གཟུང་འཛིན་,1,0.0030350855894136215
བདེན་གྲུབ་,1,0.0030350855894136215
ཅིང་རང་རིག་,1,0.0030350855894136215
ས་ཆོས་ཉིད་,1,0.0030350855894136215
ཏེ་ཅི་ཡང་,1,0.0030350855894136215
བཏུབ་པ་,1,0.0030350855894136215
ཉེར་ལེན་,1,0.0030350855894136215
ས་བདག་,1,0.0030350855894136215
དང་འཛིན་པ,1,0.0030350855894136215
ཆོས་བདག་,1,0.0030350855894136215
དང་བརྒྱད་པ,1,0.0030350855894136215
ས་འགལ་བ་,1,0.0030350855894136215
བདག་རང་བཞིན་,1,0.0030350855894136215
ཏེ་དང་པོ,1,0.0030350855894136215
ན་རིང་,1,0.0030350855894136215
ཐ་སྙད་,1,0.0030350855894136215
འཛིན་པ་རང་བཞིན་,1,0.0030350855894136215
དེ་ཡང་རང་བཞིན་,1,0.0030350855894136215
བདག་མེད་པ་,1,0.0030350855894136215
ཉིད་གཉིས་ཀ་,1,0.0030350855894136215
དགོངས་པ༌,1,0.0030350855894136215
༑གང་,1,0.0030350855894136215
སྐྱེ་འཆི་,1,0.0030350855894136215
བདག་མེད་པ,1,0.0030350855894136215
ཚེ,1,0.0030350855894136215
ལུང་བསྟན,1,0.0030350855894136215
འཇིག་ཚོགས་,1,0.0030350855894136215
དག་ས་,1,0.0030350855894136215
དང་གཞོན་ནུ,1,0.0030350855894136215
ལུང་རིགས་,1,0.0030350855894136215
ལས་ཚོགས་,1,0.0030350855894136215
འཇིག་རྟེན་པ་,1,0.0030350855894136215
མཚན་ཉིད་པ་,1,0.0030350855894136215
ཤིང་ས་བཅུ་,1,0.0030350855894136215
སྟེ་དང་པོ་,1,0.0030350855894136215
འགྲོ་བ་མཐ,1,0.0030350855894136215
ནས་གོང་མ་,1,0.0030350855894136215
དེ་ཏིང་འཛིན་,1,0.0030350855894136215
མི་གང་,1,0.0030350855894136215
འོད་འཕྲོ་,1,0.0030350855894136215
དཀའ་,1,0.0030350855894136215
ན་སྤྲོས་མེད་,1,0.0030350855894136215
སྤྲོས་བྲལ,1,0.0030350855894136215
རྟོགས་པ་རོ་,1,0.0030350855894136215
མཉམ་རྗེས་,1,0.0030350855894136215
རྒལ་བ,1,0.0030350855894136215
བར་མི་,1,0.0030350855894136215
ལ་གནས་སྐབས་,1,0.0030350855894136215
བཅུརབཏགས་པ་,1,0.0030350855894136215
ཀྱང་རྡོ་ཏིང་,1,0.0030350855894136215
ཏེ་ཚོགས་སྦྱོར་,1,0.0030350855894136215
བསྒྲོད་པ,1,0.0030350855894136215
སོགས་ཡོན་ཏན་,1,0.0030350855894136215
གསུངས་པ་ཁྱེད་,1,0.0030350855894136215
ན་དང་པོ,1,0.0030350855894136215
ར་བ་,1,0.0030350855894136215
ཀྱང་གཞན་,1,0.0030350855894136215
མཐོང་བ་རྣལ་འབྱོར་པ,1,0.0030350855894136215
ཉམས་སྣང་,1,0.0030350855894136215
ཁུངས་,1,0.0030350855894136215
དེ་དང་པོ་,1,0.0030350855894136215
བསྒྲོད་པ་,1,0.0030350855894136215
ར་ཇི་སྐད་,1,0.0030350855894136215
དང་བསྒྲེས་,1,0.0030350855894136215
ཀྱང་དང་པོ,1,0.0030350855894136215
མེད་པ་ནོར་,1,0.0030350855894136215
ཀྱང་བདག་,1,0.0030350855894136215
དབུ་སྙུང་,1,0.0030350855894136215
མཐོང་བ་ཀླུ་སྒྲུབ་,1,0.0030350855894136215
སྤྲིན་ཆེན་པོ,1,0.0030350855894136215
ས་བརྒྱ་,1,0.0030350855894136215
དང་སྲོང་,1,0.0030350855894136215
དབུ,1,0.0030350855894136215
དང་ཐོག་མེད་,1,0.0030350855894136215
ལྔ་པ་,1,0.0030350855894136215
སེམས་བྱུང་བ་,1,0.0030350855894136215
ལུང་མདོ་,1,0.0030350855894136215
སྟེ་སྤྱོད་འཇུག་,1,0.0030350855894136215
བཟད་,1,0.0030350855894136215
ནས་དབྱེ,1,0.0030350855894136215
ཏེ་འཇམ་དཔལ་,1,0.0030350855894136215
ཏེ་གཅིག་,1,0.0030350855894136215
ན་ས,1,0.0030350855894136215
གོམས་པ་,1,0.0030350855894136215
ས་སྐུ་གཉིས་,1,0.0030350855894136215
སྟེ་སློབ་དཔོན་,1,0.0030350855894136215
ས་རྒྱུད་,1,0.0030350855894136215
ཐར་བ་,1,0.0030350855894136215
བྱེད་པ་དགེ་བ,1,0.0030350855894136215
ནི་ཞིང་,1,0.0030350855894136215
འདམ་པ་,1,0.0030350855894136215
ཡང་ཞིང་,1,0.0030350855894136215
གདམ་,1,0.0030350855894136215
གཞན་སེམས་,1,0.0030350855894136215
བསྐྱལ་བ་,1,0.0030350855894136215
སྟེ་མར་,1,0.0030350855894136215
ན་རིམ་བཞིན་,1,0.0030350855894136215
བལྟས་,1,0.0030350855894136215
གདོན་,1,0.0030350855894136215
དོ་དེ,1,0.0030350855894136215
ཡར༌,1,0.0030350855894136215
གདམ་པ་,1,0.0030350855894136215
ལ་བདག་,1,0.0030350855894136215
དེ་བདག་,1,0.0030350855894136215
ན་བདག་མེད་,1,0.0030350855894136215
བཏང་བ,1,0.0030350855894136215
ས་ཞི་བ་,1,0.0030350855894136215
ལེགས་འབུལ་,1,0.0030350855894136215
ཡོན་གནས་,1,0.0030350855894136215
བརྩེར་,1,0.0030350855894136215
བཞེས,1,0.0030350855894136215
ས་འཁོར་འདས་,1,0.0030350855894136215
བསྲེག་པ་,1,0.0030350855894136215
ཧ,1,0.0030350855894136215
ཕྱིར་ཐམས་ཅད་,1,0.0030350855894136215
ས་འགྱུར་,1,0.0030350855894136215
ཕྱིར་བསྔོ་བ་,1,0.0030350855894136215
དགེ་རྩ་རང་ཉིད་,1,0.0030350855894136215
དབྱེ་བ་,1,0.0030350855894136215
བདག་པོ,1,0.0030350855894136215
ཕྱིར་འདས་,1,0.0030350855894136215
གཡོ,1,0.0030350855894136215
/དེ,1,0.0030350855894136215
ཤོག,1,0.0030350855894136215
ནི་ཡོད་པ་,1,0.0030350855894136215
ཏེ་མཚུངས་པ,1,0.0030350855894136215
ས་བསྔོ་བ་,1,0.0030350855894136215
ན་ཆོས་དབྱིངས་,1,0.0030350855894136215
དཔྱད་པ་,1,0.0030350855894136215
ནས་གནས་ལུགས་,1,0.0030350855894136215
སྟུག་པོ,1,0.0030350855894136215
བསྔོ,1,0.0030350855894136215
ཅི་འདྲ་བ་དེ་,1,0.0030350855894136215
ཀུན་བཏུས་,1,0.0030350855894136215
གང་ཞེ་ན,1,0.0030350855894136215
འགྱུར་མེད་,1,0.0030350855894136215
ཀྱང་ཀུན་རྫོབ་,1,0.0030350855894136215
བལྟོས་པ,1,0.0030350855894136215
ཏེ་ཕྲིན་ལས་,1,0.0030350855894136215
མྱུར་བ,1,0.0030350855894136215
ཕྱུག་པོ་,1,0.0030350855894136215
ནི་རྒྱུ་རྐྱེན་,1,0.0030350855894136215
མིན་པ་པི་ཝང་,1,0.0030350855894136215
དང་དགའ་མོ་,1,0.0030350855894136215
མོས་བ་,1,0.0030350855894136215
ཉིང་ཁུ་,1,0.0030350855894136215
ནས་བརྟུལ་ཞུགས་,1,0.0030350855894136215
གྱུར་ཅིག,1,0.0030350855894136215
ཐོ་རངས་,1,0.0030350855894136215
འགྱོགས་,1,0.0030350855894136215
རྡོས་,1,0.0030350855894136215
ཞབས་,1,0.0030350855894136215
སྐུ་མཚལ་,1,0.0030350855894136215
ལ་འོད་སྲུང་,1,0.0030350855894136215
ཤོ་ལོ་,1,0.0030350855894136215
༈གསང་སྔགས་,1,0.0030350855894136215
སྟེ་རང་ཉིད་,1,0.0030350855894136215
ཏེ་གདུལ་བྱ་,1,0.0030350855894136215
ཤིང་སྔགས་,1,0.0030350855894136215
བྱོན་པ,1,0.0030350855894136215
བརྙེས,1,0.0030350855894136215
ཉོན,1,0.0030350855894136215
ནང༌,1,0.0030350855894136215
ཀྱང་གཙོ་,1,0.0030350855894136215
ན་དུག་,1,0.0030350855894136215
ས་བསྐྱེད་རྫོགས་,1,0.0030350855894136215
དྲུང་,1,0.0030350855894136215
སྟེ་ཐབས་ཤེས་,1,0.0030350855894136215
སྐུར་,1,0.0030350855894136215
ས་འདི་ལྟར་,1,0.0030350855894136215
འཐད་པ་,1,0.0030350855894136215
xམཁའ་,1,0.0030350855894136215
xསྨིག་རྒྱུ,1,0.0030350855894136215
xཅེས་པ,1,0.0030350855894136215
སྟ་གོན,1,0.0030350855894136215
ས་སློབ་མ་,1,0.0030350855894136215
ར་གདམས་ངག་,1,0.0030350855894136215
ས་སྒོ་གསུམ་,1,0.0030350855894136215
ནས་རྡོ་རྗེ་,1,0.0030350855894136215
ས་ངེས་ཤེས་,1,0.0030350855894136215
ར་ངེས་ཤེས་,1,0.0030350855894136215
དབང,1,0.0030350855894136215
གསལ་སྟོང་,1,0.0030350855894136215
གསང་དབང་,1,0.0030350855894136215
ས་མ་,1,0.0030350855894136215
ཀྱང་རྒྱུད་པ,1,0.0030350855894136215
ཕྱིར་དེ,1,0.0030350855894136215
དགོས་་,1,0.0030350855894136215
ཏེ་དབང་,1,0.0030350855894136215
ས་དཔོན་སློབ་,1,0.0030350855894136215
སྒྲོགས་,1,0.0030350855894136215
ལོང་བ,1,0.0030350855894136215
ཁྲིད་པ་,1,0.0030350855894136215
ལྟར་གཞན་དོན་,1,0.0030350855894136215
ཏེ་བག་ཆགས་,1,0.0030350855894136215
རྒྱུས་,1,0.0030350855894136215
ཐབས་མེད་,1,0.0030350855894136215
ས་བུམ་,1,0.0030350855894136215
རིག་མ་,1,0.0030350855894136215
ཏེ་དཀྱིལ་འཁོར་,1,0.0030350855894136215
ལ་རང་རིག་,1,0.0030350855894136215
བརྒྱད་སེམས་དཔའ་,1,0.0030350855894136215
ནི་རིག་མ་,1,0.0030350855894136215
ཁྲོ་མོ་,1,0.0030350855894136215
ནི་ཁྲོ་བོ་,1,0.0030350855894136215
གཅིག་ལྷ་,1,0.0030350855894136215
ཡང་ཕུང་,1,0.0030350855894136215
ངོ་འཕྲོད་,1,0.0030350855894136215
ན་བུམ་,1,0.0030350855894136215
ཞིང་རིགས་བརྒྱ་,1,0.0030350855894136215
རིགས་གསུམ་,1,0.0030350855894136215
སོགས་རིགས་,1,0.0030350855894136215
ཡང་དངོས་,1,0.0030350855894136215
འཇམ་རྡོར་,1,0.0030350855894136215
མ་གཏོགས་དུས་,1,0.0030350855894136215
སྟེ་དངོས་,1,0.0030350855894136215
མི་ཚང་བ,1,0.0030350855894136215
དེ་བས་ན་ལྷ,1,0.0030350855894136215
འམ་རིགས་,1,0.0030350855894136215
གིས་་,1,0.0030350855894136215
ཏེ་ངོ་བོ་,1,0.0030350855894136215
གཅིག་ཉིད་,1,0.0030350855894136215
ས་ཕྲིན་ལས་,1,0.0030350855894136215
ནི་འབྲས་བུ་,1,0.0030350855894136215
ལ་བཏགས་པ་,1,0.0030350855894136215
ཏེ་སྒྲིབ་པ་,1,0.0030350855894136215
ཏེ་འབྲས་བུ,1,0.0030350855894136215
མཚན་དཔེ་,1,0.0030350855894136215
འབོད་པ་,1,0.0030350855894136215
གསོལ་བ་,1,0.0030350855894136215
ཅིང་དེ་ལྟར་,1,0.0030350855894136215
ལ་མཻ་,1,0.0030350855894136215
ཏྲིས་,1,0.0030350855894136215
ས་མར་པ,1,0.0030350855894136215
དབང་དོན་,1,0.0030350855894136215
ན་དཔེ་,1,0.0030350855894136215
ཆུད་དེ་,1,0.0030350855894136215
མཚོན་པ,1,0.0030350855894136215
ཡན་ལགཞེས་,1,0.0030350855894136215
ཁ་ཚོན་,1,0.0030350855894136215
དེ་ཚོར་བ་,1,0.0030350855894136215
ས་རང་རྒྱུད་,1,0.0030350855894136215
ཟེར་བ་དེ་,1,0.0030350855894136215
ཡས,1,0.0030350855894136215
སྦགས་པ་,1,0.0030350855894136215
བུ་རམ་,1,0.0030350855894136215
ས་རྩ་ལྟུང་,1,0.0030350855894136215
ཁ་སང་,1,0.0030350855894136215
ཕན་ཆད་,1,0.0030350855894136215
དེ་རིང་,1,0.0030350855894136215
ལྟར་ལྷན་སྐྱེས་,1,0.0030350855894136215
ནི་དཔེ་,1,0.0030350855894136215
ཀྱང་སྙིགས་མ,1,0.0030350855894136215
ནས་རང་ཉིད་,1,0.0030350855894136215
ཏུ་རེ་,1,0.0030350855894136215
སུཤར་,1,0.0030350855894136215
ཡང་ཚོར་བ་,1,0.0030350855894136215
ན་སྡུག་བསྔལ་,1,0.0030350855894136215
ན་རྟོགས་,1,0.0030350855894136215
ས་དབང་,1,0.0030350855894136215
ཞིང་མདོ་སྔགས་,1,0.0030350855894136215
འབད་,1,0.0030350855894136215
༑བཀག་པ་,1,0.0030350855894136215
མཚན་ཉིད་གསུམ་,1,0.0030350855894136215
ནི་ཡོངས་གྲུབ་,1,0.0030350855894136215
ནི་གཞན་དབང་,1,0.0030350855894136215
དོན་སྤྱི,1,0.0030350855894136215
བཅོས་པ,1,0.0030350855894136215
ཀུན་བཏགས་,1,0.0030350855894136215
ཏེ་ཀླུ,1,0.0030350855894136215
རྣམས་གདོད་མ་,1,0.0030350855894136215
ཏེ་བརྩོན་པ,1,0.0030350855894136215
ཕལ་པ་,1,0.0030350855894136215
རློམ་པ,1,0.0030350855894136215
ཐམསཅད་,1,0.0030350855894136215
སྲིང་,1,0.0030350855894136215
༑གསང་འདུས་,1,0.0030350855894136215
ཀུན་སྤྱོད་,1,0.0030350855894136215
འཕྲལ་,1,0.0030350855894136215
ནས་ལྷ་,1,0.0030350855894136215
ནུས་སྦྱང་,1,0.0030350855894136215
སྤེལ་,1,0.0030350855894136215
དང་པོ་སྣོད་,1,0.0030350855894136215
མོས་པ,1,0.0030350855894136215
སྦྱོང༌,1,0.0030350855894136215
སྤེལ་མ,1,0.0030350855894136215
བསླབ,1,0.0030350855894136215
ཏེ་གཟོད་,1,0.0030350855894136215
བསྒོམས་པ,1,0.0030350855894136215
༑འདི,1,0.0030350855894136215
ཕྱིར་རང་,1,0.0030350855894136215
ནི་ཟབ་མོ,1,0.0030350855894136215
འཆོར་བ་རིག་པ་,1,0.0030350855894136215
ལ་སཾ་,1,0.0030350855894136215
བཟླས་,1,0.0030350855894136215
གཞིར་བཅས་,1,0.0030350855894136215
ཏེ་རྟེན་འབྲེལ་,1,0.0030350855894136215
སྟོང་ཉིད,1,0.0030350855894136215
ཡིག་འབྲུ,1,0.0030350855894136215
ཕྱག་མཚན,1,0.0030350855894136215
རང་ཆས་,1,0.0030350855894136215
ཤེས་པ་ཕྱི་,1,0.0030350855894136215
དཀའ་བ་,1,0.0030350855894136215
རྒྱ་དཀའ་ཐུབ་,1,0.0030350855894136215
དྲེགས་,1,0.0030350855894136215
ས་ལུས་,1,0.0030350855894136215
རྒུད་,1,0.0030350855894136215
ཡོང,1,0.0030350855894136215
དམའ་,1,0.0030350855894136215
ཕྱིར་དཀའ་ཐུབ་,1,0.0030350855894136215
སྨད་པ་,1,0.0030350855894136215
ཏེ་བསྐྱེད་པ,1,0.0030350855894136215
ནང་སེམས་,1,0.0030350855894136215
འདུལ,1,0.0030350855894136215
ལྷས,1,0.0030350855894136215
ཅི་ཞིག་,1,0.0030350855894136215
ལས་འཕྲོ་,1,0.0030350855894136215
སད་པ,1,0.0030350855894136215
ཅན་ཤེས་,1,0.0030350855894136215
ས་འཇུག་,1,0.0030350855894136215
སྐྱེ་བ་དེ་,1,0.0030350855894136215
སྒྲོ་,1,0.0030350855894136215
དེ་སྤྲོ་,1,0.0030350855894136215
ཕྱག་རྒྱ,1,0.0030350855894136215
ཐེབས་པ,1,0.0030350855894136215
སླད་,1,0.0030350855894136215
དུ་སྐྱབས་འགྲོ་,1,0.0030350855894136215
གོལ་བ་,1,0.0030350855894136215
སེམས་བསྐྱེད,1,0.0030350855894136215
དུ་ཞིག་པ,1,0.0030350855894136215
ནས་བསྐྱེད་རྫོགས་,1,0.0030350855894136215
ས་མཆོག་,1,0.0030350855894136215
ཀྱང་རྟེན་,1,0.0030350855894136215
མཐུད་,1,0.0030350855894136215
ན་ངན་འགྲོ,1,0.0030350855894136215
ཁྲོ་བོ,1,0.0030350855894136215
ཅན༌,1,0.0030350855894136215
མགོ་བརྙན་,1,0.0030350855894136215
སོགས་མཚན་དཔེ་,1,0.0030350855894136215
ཞིང་དེ་ལྟར་,1,0.0030350855894136215
ཁྱབ་བདག་,1,0.0030350855894136215
སྔགས་པ་,1,0.0030350855894136215
བརྒྱན་པ,1,0.0030350855894136215
བཙུན་མོ,1,0.0030350855894136215
བྷ་,1,0.0030350855894136215
ག,1,0.0030350855894136215
གུ་བ་,1,0.0030350855894136215
བསླངས་,1,0.0030350855894136215
འཇིགས་རུང་,1,0.0030350855894136215
ནི་རྒྱལ་བསེན་,1,0.0030350855894136215
སྟོན་པ་བྲིས་སྐུ་,1,0.0030350855894136215
འབད་རྩོལ་,1,0.0030350855894136215
ས་ཞལ་,1,0.0030350855894136215
དབྱིབ་,1,0.0030350855894136215
སོགས་ཇི་ལྟར་,1,0.0030350855894136215
ཏེ་ཤེས་བྱ་,1,0.0030350855894136215
ཐབས་སེམས་ཅན་,1,0.0030350855894136215
ཅེ་ན་རང་རྒྱུད་,1,0.0030350855894136215
བསྒྲིབས་,1,0.0030350855894136215
ཏེ་ཉོན་མོངས་,1,0.0030350855894136215
འདུ་བ་,1,0.0030350855894136215
མཐོང་སྣང་,1,0.0030350855894136215
དང་མཐོང་བ་,1,0.0030350855894136215
ན་ལེགས་ཉེས་,1,0.0030350855894136215
ཤིང་བཀའ་,1,0.0030350855894136215
ལོག་ཤེས་,1,0.0030350855894136215
རས་བྲིས་,1,0.0030350855894136215
ནས་རིམ་བཞིན་,1,0.0030350855894136215
རྫོགས,1,0.0030350855894136215
འབྲིང༌,1,0.0030350855894136215
ཏེ་སྐྱེ་བ་,1,0.0030350855894136215
ལས་ཤིང༌,1,0.0030350855894136215
འཆར་,1,0.0030350855894136215
བས་ཤེས་རབ་,1,0.0030350855894136215
མུ་མེད་པ,1,0.0030350855894136215
xརི་རབ་,1,0.0030350855894136215
བྱ་སྤྱོད་,1,0.0030350855894136215
སྟེ་དྲང་དོན་,1,0.0030350855894136215
ཀྱང་དྲང་དོན་,1,0.0030350855894136215
བླ་མེད་པ,1,0.0030350855894136215
ཏེ་རྒྱུ་རྐྱེན་,1,0.0030350855894136215
ཆུ་ལུད་,1,0.0030350855894136215
ར་ངེས་པ,1,0.0030350855894136215
ཤིང་རྟོགས་,1,0.0030350855894136215
ཀྱང་ངེས་དོན་,1,0.0030350855894136215
ཞེན་པ་,1,0.0030350855894136215
ན་ཆོ་ག་,1,0.0030350855894136215
དེ་རྟོགས་པ་,1,0.0030350855894136215
ངོ་སྤྲོད་,1,0.0030350855894136215
ན་རྟོགས་ལྡན་,1,0.0030350855894136215
དང་སློབ་མ,1,0.0030350855894136215
སྦྱང་,1,0.0030350855894136215
འགེགས་,1,0.0030350855894136215
ས་འགེགས་,1,0.0030350855894136215
མེ་རི་,1,0.0030350855894136215
རྭ་,1,0.0030350855894136215
འོང་པ་,1,0.0030350855894136215
ཡིན་བསྲུང་བ,1,0.0030350855894136215
ཏེ་དོན་དམ་,1,0.0030350855894136215
དབང་ཤེས་,1,0.0030350855894136215
འབྱུང་དེ,1,0.0030350855894136215
དང་ཡིད་ཤེས་,1,0.0030350855894136215
ཏེ་ཕྱི,1,0.0030350855894136215
ས་མིག་,1,0.0030350855894136215
རྣ་,1,0.0030350855894136215
ལྕེ་,1,0.0030350855894136215
འདྲིས་པ,1,0.0030350855894136215
ས་མཐོང་བ་,1,0.0030350855894136215
ཤིང་གེགས་,1,0.0030350855894136215
ཀྱང་རིམ་བཞིན་,1,0.0030350855894136215
གསང་བདག,1,0.0030350855894136215
སྙིང༌,1,0.0030350855894136215
གཟིགས,1,0.0030350855894136215
་,1,0.0030350855894136215
སེལ,1,0.0030350855894136215
རིགས,1,0.0030350855894136215
བསྐྱོད,1,0.0030350855894136215
རིན་འབྱུང་,1,0.0030350855894136215
དོན་གྲུབ,1,0.0030350855894136215
ནང་ལྟར་,1,0.0030350855894136215
མཉམ་ཉིད,1,0.0030350855894136215
རྟོག,1,0.0030350855894136215
ཡེ་ཤེས་ལྔ,1,0.0030350855894136215
སྡངསེར་,1,0.0030350855894136215
འཇོམས་པ,1,0.0030350855894136215
སྲུང་བ་,1,0.0030350855894136215
སྟ་དངོ,1,0.0030350855894136215
རྣམས་སྤྲོས་པ་,1,0.0030350855894136215
ཐམས་ཅད་ཤེས་བྱ,1,0.0030350855894136215
ས་རི་,1,0.0030350855894136215
རྐང་མཐིལ,1,0.0030350855894136215
འདོམས,1,0.0030350855894136215
ལྟེ་བ,1,0.0030350855894136215
བྲང་,1,0.0030350855894136215
སྒལ་ཚིགས་,1,0.0030350855894136215
ནས་གྲུབ་པ་,1,0.0030350855894136215
སྟེ་སྤྲོས་པ་,1,0.0030350855894136215
ཕུར་པ,1,0.0030350855894136215
འབྱུང་གནས་པ,1,0.0030350855894136215
དུ་ཆགས་པ་,1,0.0030350855894136215
གཡོ་བ་,1,0.0030350855894136215
བཀོད་པ་བྱང་སེམས་,1,0.0030350855894136215
དེ་ཆོས་སྐུ་,1,0.0030350855894136215
༑དཔེར་ན་,1,0.0030350855894136215
དམ་བཅའ་,1,0.0030350855894136215
ས་སྲ་,1,0.0030350855894136215
ཁོང་སྟོང་,1,0.0030350855894136215
གཞོམ་,1,0.0030350855894136215
སྟེ་སྒོ་གསུམ་,1,0.0030350855894136215
མི་ཕྱེད་པ་མངོན་དུ་,1,0.0030350855894136215
ལུས་མེད་,1,0.0030350855894136215
རྟོཌ་པ་,1,0.0030350855894136215
པོ,1,0.0030350855894136215
ཟེར་འདི,1,0.0030350855894136215
འགའ་ཞིག་རྡོ་རྗེ་,1,0.0030350855894136215
སྦས་པ་,1,0.0030350855894136215
གོ་བ,1,0.0030350855894136215
ན་དངོས་གྲུབ་,1,0.0030350855894136215
མན་ངག,1,0.0030350855894136215
ས་དབང་རྣོན་,1,0.0030350855894136215
དུ་བླ་མ,1,0.0030350855894136215
བསྟེན་,1,0.0030350855894136215
ས་གནས་ལུགས་,1,0.0030350855894136215
བསྒྲགས་པ,1,0.0030350855894136215
ནི་གུ,1,0.0030350855894136215
སྦས་པ,1,0.0030350855894136215
གནས་ལུགས་རྩ་,1,0.0030350855894136215
དང་འདུག་,1,0.0030350855894136215
སྔགས་རྒྱུད་,1,0.0030350855894136215
བསྟན་པ་འདི,1,0.0030350855894136215
ན་དང་པོ་,1,0.0030350855894136215
དུ་ཉེ,1,0.0030350855894136215
པགས་པ་,1,0.0030350855894136215
དེ་རྣམ་པ,1,0.0030350855894136215
གང་ཡིན་པ་,1,0.0030350855894136215
ཕྲིན་ལས་གསེར་འོད་,1,0.0030350855894136215
གསུངས་པ་རིགས་གསུམ་,1,0.0030350855894136215
ཚུལ་ཁྲིམས,1,0.0030350855894136215
རྣམས་ཟབ་,1,0.0030350855894136215
རྣམས་འདི,1,0.0030350855894136215
སངས་རྒྱས་་,1,0.0030350855894136215
པ་,1,0.0030350855894136215
ལྟ་ཅི་ལམ་,1,0.0030350855894136215
ཕྱིར་རྩ་བ་,1,0.0030350855894136215
དྲལ་བ,1,0.0030350855894136215
ཡལ་,1,0.0030350855894136215
འདབས་,1,0.0030350855894136215
རྒྱལ་འཇིག་རྟེན་,1,0.0030350855894136215
ལ་ཐོག་མ,1,0.0030350855894136215
བཟོ་གནས་,1,0.0030350855894136215
ཡིག་རྩིས་,1,0.0030350855894136215
རྩི་,1,0.0030350855894136215
ཐག་པ,1,0.0030350855894136215
རྣམས་མི་,1,0.0030350855894136215
ས་འགྲོས་,1,0.0030350855894136215
ས་ས་བཅུ,1,0.0030350855894136215
ཏེ་རྡོ་རྗེ་,1,0.0030350855894136215
ན་རྩ་,1,0.0030350855894136215
སྟེ་རྟེན་གཞི་,1,0.0030350855894136215
ས་དེང་སང་,1,0.0030350855894136215
ཏེ་སྒོ་གསུམ་,1,0.0030350855894136215
ས་ལུས་ངག་,1,0.0030350855894136215
ཚངས་སྤྱོད,1,0.0030350855894136215
རྫུན,1,0.0030350855894136215
བརྣབ་སེམས་,1,0.0030350855894136215
ཅིང་ཡོན་ཏན་,1,0.0030350855894136215
དྭངས་མ་,1,0.0030350855894136215
ས་འཁོར་ལོ་,1,0.0030350855894136215
བཞི་མཐར་ཐུག་,1,0.0030350855894136215
རྙོག་པ,1,0.0030350855894136215
ས་རྩ་,1,0.0030350855894136215
སྡོམ་སེམས་,1,0.0030350855894136215
བརྟན་པོ,1,0.0030350855894136215
སྟེ་འཁོར་ལོ་,1,0.0030350855894136215
དེ་ས་བཅུ་པ,1,0.0030350855894136215
མུན་ཁུང་,1,0.0030350855894136215
གླང་པོ་,1,0.0030350855894136215
ཉི་,1,0.0030350855894136215
བཞིན་འདི,1,0.0030350855894136215
བློ་མིག་,1,0.0030350855894136215
ཀྱང་ཐམས་ཅད་,1,0.0030350855894136215
སྤྱི,1,0.0030350855894136215
རླབ་,1,0.0030350855894136215
ས་གདམས་ངག་,1,0.0030350855894136215
དེ་དུས་,1,0.0030350855894136215
རེ་འགའ་,1,0.0030350855894136215
སྟེ་གོམ་པ་,1,0.0030350855894136215
ས་ཁམས་,1,0.0030350855894136215
ཏེ་ལུས་,1,0.0030350855894136215
རྩ་མདུད་,1,0.0030350855894136215
དང་ཡི་གེ,1,0.0030350855894136215
དྲུག་པོ,1,0.0030350855894136215
ས་ཕྱི་རོལ་,1,0.0030350855894136215
ས་ཀུན་གཞི,1,0.0030350855894136215
སྟེ་ཆོས་,1,0.0030350855894136215
ཉོན་ཡིད་,1,0.0030350855894136215
ཡིད་ཤེས་,1,0.0030350855894136215
མཐོང༌,1,0.0030350855894136215
སྒོམ་ཆེན་པ,1,0.0030350855894136215
མྱོང་བ་བཀའ་,1,0.0030350855894136215
ལོག་རྟོག་,1,0.0030350855894136215
ཏེ་ཐམས་ཅད་,1,0.0030350855894136215
འམ་མུ་སྟེགས་,1,0.0030350855894136215
དང་ཕྱི་མཐའ་,1,0.0030350855894136215
འཇིག་པ,1,0.0030350855894136215
མངོན་ཤེས་,1,0.0030350855894136215
བརྟགས་པ,1,0.0030350855894136215
ལྡོགཔའི་,1,0.0030350855894136215
མྱོང་བ་དེ་,1,0.0030350855894136215
འདུད་,1,0.0030350855894136215
ས་ཡུམ་,1,0.0030350855894136215
གཙུག་ཏོར་,1,0.0030350855894136215
བམ་,1,0.0030350855894136215
ས་ལ་ལ,1,0.0030350855894136215
གནང,1,0.0030350855894136215
ས་ཕྱོགས་,1,0.0030350855894136215
དང་འོག་མ་,1,0.0030350855894136215
ཏེ་ཆོས་ཕུང་,1,0.0030350855894136215
དང་བརྗོད་བྱ,1,0.0030350855894136215
སྟེ་ཟླ་,1,0.0030350855894136215
ཚིག་འབྲུ་,1,0.0030350855894136215
འབབས,1,0.0030350855894136215
དེ་རྒྱུ་འབྲས་,1,0.0030350855894136215
ས་གནད་,1,0.0030350855894136215
ཇི་ལྟ་བུ,1,0.0030350855894136215
དང་སྐྱོན་,1,0.0030350855894136215
ཕྱིར་གསུང་རབ་,1,0.0030350855894136215
འགྱུ་བ་མི་,1,0.0030350855894136215
གྲི་,1,0.0030350855894136215
འོང་བ་བདེ་བ་,1,0.0030350855894136215
ཁྱད་མེད་པ་,1,0.0030350855894136215
སྟེ་ཏིང་ངེ་འཛིན་,1,0.0030350855894136215
སྐྱོན་མེད་པ,1,0.0030350855894136215
འདོད་ཁམས,1,0.0030350855894136215
གཟུགས་ཁམས,1,0.0030350855894136215
ཨཱརྱ་,1,0.0030350855894136215
དེ་ཝ,1,0.0030350855894136215
ནགས་མེ,1,0.0030350855894136215
ཚང་ཚིང་,1,0.0030350855894136215
བསྲེག་པ,1,0.0030350855894136215
བརྟན་པོ་,1,0.0030350855894136215
བརླན་,1,0.0030350855894136215
མངོན་ཞེན་,1,0.0030350855894136215
དུག་སྦྲུལ་,1,0.0030350855894136215
དམྱལ་་,1,0.0030350855894136215
༑ཉམ་ང་,1,0.0030350855894136215
གཡང་,1,0.0030350855894136215
བསྐུར,1,0.0030350855894136215
སྐྱོན་མེད་,1,0.0030350855894136215
ཀྱང་བདེ་,1,0.0030350855894136215
ན་ལོངས་སྐུ་,1,0.0030350855894136215
སྒོ་མཚམས་,1,0.0030350855894136215
ལྷ་མོ་,1,0.0030350855894136215
སྟེ་དཀྱིལ་འཁོར་,1,0.0030350855894136215
དུར་ཁྲོད་,1,0.0030350855894136215
བཅས་པ་རང་,1,0.0030350855894136215
དེ་ལམ་,1,0.0030350855894136215
དག་པ་དེ,1,0.0030350855894136215
ཕྱིར་གསང་བ་,1,0.0030350855894136215
ཀ་མེད་,1,0.0030350855894136215
ལ་སྐྱོན་,1,0.0030350855894136215
ཕྲ་མོ,1,0.0030350855894136215
xབྱང་ཆུབ་,1,0.0030350855894136215
xདགེ་ཚུལ,1,0.0030350855894136215
xབསླབ་པ་,1,0.0030350855894136215
བྱེ་བ,1,0.0030350855894136215
xབྱང་ཆུབ,1,0.0030350855894136215
xདགེ་སློང་,1,0.0030350855894136215
རྩམ,1,0.0030350855894136215
༑ཚུལ་ཁྲིམས་,1,0.0030350855894136215
འཆལ་བ,1,0.0030350855894136215
འགྲུབ,1,0.0030350855894136215
དུ་མདོ་སྔགས་,1,0.0030350855894136215
དུ༌,1,0.0030350855894136215
ཡང་བ,1,0.0030350855894136215
ན་མྱ་ངན་,1,0.0030350855894136215
ལོ་མ་,1,0.0030350855894136215
རལ་གྲི,1,0.0030350855894136215
མི་གཙང་བ,1,0.0030350855894136215
ཐག་པ་,1,0.0030350855894136215
དང་བརྟག་པ་,1,0.0030350855894136215
རྩལ་པ་,1,0.0030350855894136215
གཟུགས་འཛིན་,1,0.0030350855894136215
རྩེགས་,1,0.0030350855894136215
གང་དག,1,0.0030350855894136215
ན་རྒྱུད་,1,0.0030350855894136215
གོས་པ་,1,0.0030350855894136215
འདམས་,1,0.0030350855894136215
སྣང་ངོ༌,1,0.0030350855894136215
ཕུབ་,1,0.0030350855894136215
སྟེའང་འདོད་ཆགས་,1,0.0030350855894136215
བསྒྱུར་བ་གསལ་བ་,1,0.0030350855894136215
ཏིང་ངེ་འཛིན་འབྲས་བུ་,1,0.0030350855894136215
ས་རྣམ་རྟོག་,1,0.0030350855894136215
ན་འདི,1,0.0030350855894136215
དེ་གདོད་,1,0.0030350855894136215
ཀྱང་གློ་བུར་,1,0.0030350855894136215
བསལ་བ,1,0.0030350855894136215
སྦྱོང་པ,1,0.0030350855894136215
གློ་བུར་,1,0.0030350855894136215
བསྒྲིབས,1,0.0030350855894136215
སོགས་སྤོང་བ,1,0.0030350855894136215
ན་ཀུན་,1,0.0030350855894136215
དང་འགལ་བ་,1,0.0030350855894136215
གཞི་མ་གྲུབ་པ,1,0.0030350855894136215
ན་མི་དགེ་,1,0.0030350855894136215
ཏེ་རྒྱུ་འབྲས་,1,0.0030350855894136215
འང་སྙིང་པོ་,1,0.0030350855894136215
ཕྱིར་སྔགས་,1,0.0030350855894136215
ཏེ་འདོད་ཆགས་,1,0.0030350855894136215
བཀག་པ་སྔགས་,1,0.0030350855894136215
དང་ལམ་,1,0.0030350855894136215
ལ་ལྷ་,1,0.0030350855894136215
དང་རྡོ་རྗེ་,1,0.0030350855894136215
གབ་པ་,1,0.0030350855894136215
ས་དགོངས་པ་,1,0.0030350855894136215
སྦས་དོན་,1,0.0030350855894136215
རིགས་བཞི,1,0.0030350855894136215
གསོད་པ་,1,0.0030350855894136215
དོན་དགོངས༌པ་,1,0.0030350855894136215
བྱིན་པ་,1,0.0030350855894136215
རྫུན་སྨྲ་བ,1,0.0030350855894136215
ཡི་ག,1,0.0030350855894136215
དགོངས་པ,1,0.0030350855894136215
༑གསུངས་པ་,1,0.0030350855894136215
བསླབས་པ,1,0.0030350855894136215
མྱང་འདས,1,0.0030350855894136215
བསླབ་པ་དེ་,1,0.0030350855894136215
འཆའ་བ་,1,0.0030350855894136215
སྔགས་སྡོམ་,1,0.0030350855894136215
སྤྱི་ཁྱབ་,1,0.0030350855894136215
ཏེ་ཚོགས་,1,0.0030350855894136215
ཐབས་མེད་པ,1,0.0030350855894136215
གསུམ་བསོད་ནམས་,1,0.0030350855894136215
གྲོགས་དཔལ་མགོན་,1,0.0030350855894136215
འདི་དག,1,0.0030350855894136215
དང་རིགས་,1,0.0030350855894136215
དེ་གཞི་,1,0.0030350855894136215
ཕྱིར་ཀུན་,1,0.0030350855894136215
ཁྭ་,1,0.0030350855894136215
མི་བསྐྱོད་པ་,1,0.0030350855894136215
དོན་ཡོད་,1,0.0030350855894136215
དགྲ་གཉེན་,1,0.0030350855894136215
རྣལ་འབྱོར་པ,1,0.0030350855894136215
སྒྲོལ་བ་པོ,1,0.0030350855894136215
བསྒྲལ་,1,0.0030350855894136215
བསྲེགས,1,0.0030350855894136215
ས་དུག་,1,0.0030350855894136215
སྦྱོང་བྱེད་,1,0.0030350855894136215
སྦྱངས་པ,1,0.0030350855894136215
ས་བྲལ་འབྲས་,1,0.0030350855894136215
ཕྲིན་,1,0.0030350855894136215
ས་རིགས་,1,0.0030350855894136215
རིམ་བ་,1,0.0030350855894136215
ས་དག་པ,1,0.0030350855894136215
ངེད་,1,0.0030350855894136215
སྙིགས་མ་,1,0.0030350855894136215
བཅས་པ་དེ་,1,0.0030350855894136215
ན་དག་པ,1,0.0030350855894136215
སྟེ་རྒྱུ་,1,0.0030350855894136215
བུ་རམ་ཤིང་པ,1,0.0030350855894136215
ཕན,1,0.0030350855894136215
འདམ་རྫབ་,1,0.0030350855894136215
བྱས་རྐྱེན་,1,0.0030350855894136215
ནས་བརྩོན་འགྲུས་,1,0.0030350855894136215
༑མ་,1,0.0030350855894136215
ཀྱང་རྐྱེན་,1,0.0030350855894136215
མངོན་སྤྱོད་,1,0.0030350855894136215
གདུག་པ་,1,0.0030350855894136215
ཇི་བཞིན་པ་,1,0.0030350855894136215
ས་ཉེས་པ,1,0.0030350855894136215
ས་མངོན་སྤྱོད་,1,0.0030350855894136215
དེ་སྦྱོར་བ་,1,0.0030350855894136215
ཕྱིར་འཇམ་དཔལ་,1,0.0030350855894136215
ཙ་,1,0.0030350855894136215
སྐྱ་,1,0.0030350855894136215
གཤིན་རྗེ,1,0.0030350855894136215
ཤེད་,1,0.0030350855894136215
བླ་མཆོད་,1,0.0030350855894136215
ནས་མངོན་སྤྱོད་,1,0.0030350855894136215
ས་ལྷ་,1,0.0030350855894136215
པེ་,1,0.0030350855894136215
ཧར་,1,0.0030350855894136215
ནས་་སྲོག་གཅོད་པ་,1,0.0030350855894136215
གསོ་,1,0.0030350855894136215
ནུས་པ་ཆོས་,1,0.0030350855894136215
སློབ་,1,0.0030350855894136215
སྟེ་གཤིན་རྗེ་,1,0.0030350855894136215
རྩེ,1,0.0030350855894136215
བསྒྲལ་བ་,1,0.0030350855894136215
གདུག་པ,1,0.0030350855894136215
སྒྲོལ,1,0.0030350855894136215
གུད་,1,0.0030350855894136215
ལག་པ,1,0.0030350855894136215
དེ་མནར་མེད་,1,0.0030350855894136215
ཏེ་མི་གཡོ་བ,1,0.0030350855894136215
འཇིགས་རུང་བ,1,0.0030350855894136215
བསྟན་བ་,1,0.0030350855894136215
ཚེ་དབང་,1,0.0030350855894136215
མཆོག་ཐོབ་པ,1,0.0030350855894136215
ལ་རྡོ་རྗེ,1,0.0030350855894136215
དང་ངུ་བ་,1,0.0030350855894136215
མི་བཟད་པ་,1,0.0030350855894136215
འདམ་,1,0.0030350855894136215
བྱེ་མ,1,0.0030350855894136215
གསེག་མ,1,0.0030350855894136215
འཁོར་བཅས་འདུ་བ,1,0.0030350855894136215
ན་ཐར་པ་,1,0.0030350855894136215
མཐོ་,1,0.0030350855894136215
བསྐུལ་བ་,1,0.0030350855894136215
ཐུབ་དཀའ་,1,0.0030350855894136215
གཞོན་ནུ,1,0.0030350855894136215
ནས་ལས་མི་,1,0.0030350855894136215
ལྟུང་བ་དད་,1,0.0030350855894136215
འཇིགས་བྱེད་,1,0.0030350855894136215
དྲང་བ་,1,0.0030350855894136215
འཕོག་པ,1,0.0030350855894136215
ས་སློབ་མ,1,0.0030350855894136215
ལ་སློབ་དཔོན་,1,0.0030350855894136215
བཅུ་གཉིས་པ་,1,0.0030350855894136215
དང་ས,1,0.0030350855894136215
མས་,1,0.0030350855894136215
གནམ་,1,0.0030350855894136215
ཏནྡྲ་,1,0.0030350855894136215
ལ་སོགས་པ་ཟབ་པ,1,0.0030350855894136215
ཡང་བླ་མ་,1,0.0030350855894136215
འབྱིན་པ,1,0.0030350855894136215
འབྲེལ་པ་དེ་,1,0.0030350855894136215
དེ་དེ,1,0.0030350855894136215
ས་བརྒྱུད་པ,1,0.0030350855894136215
ན་རང་ཉིད་,1,0.0030350855894136215
དཀྲུག་པ,1,0.0030350855894136215
དགོས་དེ་ལྟར་,1,0.0030350855894136215
སཾ་,1,0.0030350855894136215
སྲིད་མཐ,1,0.0030350855894136215
ངོ་མཚར་བ་,1,0.0030350855894136215
ཀྱང་ཕལ་ཆེར་,1,0.0030350855894136215
ས་འཁོར་བ་,1,0.0030350855894136215
ན་ཐམས་ཅད་,1,0.0030350855894136215
སྨོས,1,0.0030350855894136215
བརྒྱུད་པ་དེ་,1,0.0030350855894136215
ཕར་ཕྱིན,1,0.0030350855894136215
ཕག་གྲུ་,1,0.0030350855894136215
ནས་ད་བར་,1,0.0030350855894136215
ཆོས་བརྒྱུད་,1,0.0030350855894136215
ཏེ་ལོ་ན,1,0.0030350855894136215
སྟེ་བརྒྱུད་པ་,1,0.0030350855894136215
ལུས་པ་ཀུན་,1,0.0030350855894136215
སྣང་ཡུལ་,1,0.0030350855894136215
བཞིན་སེམས་,1,0.0030350855894136215
འམ་སེམས་,1,0.0030350855894136215
དོན་ཡོད་པ་,1,0.0030350855894136215
ན་སྣང་བ་,1,0.0030350855894136215
ཀྱང་བག་ཆགས་,1,0.0030350855894136215
འཁྲུལ་བ་,1,0.0030350855894136215
ལྟར་ཕྱི་,1,0.0030350855894136215
ཡིན་གང་,1,0.0030350855894136215
མ་གྲུབ་པ་རང་བཞིན་,1,0.0030350855894136215
ཡང་སློབ་,1,0.0030350855894136215
བསྟོད་པ་,1,0.0030350855894136215
༑གཟུགས་,1,0.0030350855894136215
ས་སྣང་བ,1,0.0030350855894136215
ལུས་སེམས་,1,0.0030350855894136215
གསུམ་སེམས་ལས་,1,0.0030350855894136215
འགོད,1,0.0030350855894136215
བྱེད་པ་པོ་,1,0.0030350855894136215
བྱེད་པ་པོ,1,0.0030350855894136215
ཅིང་ད་ལྟ་,1,0.0030350855894136215
མྱོང་བ,1,0.0030350855894136215
ཐམས་ཅད་ཀུན་གཞི་,1,0.0030350855894136215
འཁྲུལ་བ,1,0.0030350855894136215
བཞག་པ་དེ་སྐད་,1,0.0030350855894136215
སྣང,1,0.0030350855894136215
འཁྲུལ་སྣང་,1,0.0030350855894136215
ལ་སྟོང་,1,0.0030350855894136215
སྲིད་པ་མཁྲིས་ནད་,1,0.0030350855894136215
འབྱང་བ,1,0.0030350855894136215
དུང་ལ་,1,0.0030350855894136215
སེ,1,0.0030350855894136215
ས༌,1,0.0030350855894136215
ལ༌ཉེ་,1,0.0030350855894136215
རེ་རེ་བ་,1,0.0030350855894136215
ལ་ཆོས་ཅན་,1,0.0030350855894136215
ས་བོན་དེ་,1,0.0030350855894136215
མཐུན་པ་,1,0.0030350855894136215
རྟོག་པ་དེ,1,0.0030350855894136215
དམར་,1,0.0030350855894136215
བདེ་ལྡན་,1,0.0030350855894136215
སྟེ་བྲམ་ཟེ་,1,0.0030350855894136215
ནེ་,1,0.0030350855894136215
ཚོ,1,0.0030350855894136215
དུང་,1,0.0030350855894136215
གཏམ་རྒྱུད་,1,0.0030350855894136215
ཀྱང་འཆི་ཁ,1,0.0030350855894136215
མྱ་ངན་མེད་པ་,1,0.0030350855894136215
འཕགས་རྒྱལ་,1,0.0030350855894136215
རྔོན་པ་,1,0.0030350855894136215
དགེ་ཚུལ་,1,0.0030350855894136215
གླེང་,1,0.0030350855894136215
ནི་མོ་མཁན་,1,0.0030350855894136215
རྒྱུད,1,0.0030350855894136215
རྡོག་,1,0.0030350855894136215
འགུལ་བ་,1,0.0030350855894136215
སྣང་བ་རང་སེམས་,1,0.0030350855894136215
ཁྲོད་,1,0.0030350855894136215
ནས་ང་,1,0.0030350855894136215
འབུས་,1,0.0030350855894136215
རྙེད་པ་,1,0.0030350855894136215
རང་རང་,1,0.0030350855894136215
དང་འཁྲུལ་སྣང་,1,0.0030350855894136215
དང་རང་བཞིན་,1,0.0030350855894136215
གཤིས༌,1,0.0030350855894136215
ན་བལྟས་པ,1,0.0030350855894136215
དེ་གནས་,1,0.0030350855894136215
ཞིང་མི་,1,0.0030350855894136215
ཞིང་བསམ་གཏན་,1,0.0030350855894136215
ས་དེ་དག་,1,0.0030350855894136215
གནས་པ་རྒྱུ་,1,0.0030350855894136215
ན་སྤང་བླང་,1,0.0030350855894136215
ཏེ་ཀུན་དགའ་བོ་,1,0.0030350855894136215
སློབ་པ,1,0.0030350855894136215
ཏེ་རང་ཉིད་,1,0.0030350855894136215
འཕོང་,1,0.0030350855894136215
ཐད་ཀ,1,0.0030350855894136215
བབས་པ་,1,0.0030350855894136215
བདག་པ,1,0.0030350855894136215
སྡུད་པ,1,0.0030350855894136215
དུལ་བ་,1,0.0030350855894136215
ཉེར་ཞི་བ,1,0.0030350855894136215
ཕྱུག,1,0.0030350855894136215
སྨྲ་མཁས་,1,0.0030350855894136215
རྟུལ་,1,0.0030350855894136215
ཞལ་ལ་,1,0.0030350855894136215
ནི་བླ་མ,1,0.0030350855894136215
༈དེ་ལས་,1,0.0030350855894136215
རྩོད་,1,0.0030350855894136215
འདྲེན,1,0.0030350855894136215
སྡིག་,1,0.0030350855894136215
དཔྱད་,1,0.0030350855894136215
ཕག་པ་,1,0.0030350855894136215
ཉན་ཐོས་པ་,1,0.0030350855894136215
ཆོས་སྟོན་,1,0.0030350855894136215
འཆད་,1,0.0030350855894136215
སྐྱེས་བུ,1,0.0030350855894136215
ཞེ་ན་རྒྱལ་བ,1,0.0030350855894136215
མི་མཆོག་,1,0.0030350855894136215
༑མངོན་སུམ་,1,0.0030350855894136215
ཇིབཞིན་,1,0.0030350855894136215
གཏན་ཚིག་,1,0.0030350855894136215
ན་རྟོགས་པ,1,0.0030350855894136215
རུང་བ་,1,0.0030350855894136215
ནི་དྭངས་བ,1,0.0030350855894136215
ཏེ་དཀར་པོ,1,0.0030350855894136215
དཀར་པོ,1,0.0030350855894136215
ཚིགས་པ་,1,0.0030350855894136215
༑མྱུ་གུ་,1,0.0030350855894136215
སྔོན་པོ་,1,0.0030350855894136215
ངེས་འབྱུང་བ,1,0.0030350855894136215
དྭངས་བ,1,0.0030350855894136215
ལས་ཤིང་མཐར་ཐུག་,1,0.0030350855894136215
འོད་འབར་བ,1,0.0030350855894136215
འདུ་ཤེས་པ,1,0.0030350855894136215
ཏིལླི་པ,1,0.0030350855894136215
བརྗེད་,1,0.0030350855894136215
རོ་པ,1,0.0030350855894136215
ཁོ་,1,0.0030350855894136215
གཏིང་,1,0.0030350855894136215
རྡོ་བ་,1,0.0030350855894136215
གོོོོ་,1,0.0030350855894136215
ཏམ་,1,0.0030350855894136215
བལྟ་,1,0.0030350855894136215
ས་ལྟ་བ་,1,0.0030350855894136215
འོད་གསལ་བ,1,0.0030350855894136215
སྣང་སྲིད་,1,0.0030350855894136215
བྱེད་པ་དེ་,1,0.0030350855894136215
ལ་དབུ་,1,0.0030350855894136215
རེག་པ་,1,0.0030350855894136215
སྣངཤིན་,1,0.0030350855894136215
ཏུ,1,0.0030350855894136215
xདེ་བཞིན,1,0.0030350855894136215
ཕབ་བོ,1,0.0030350855894136215
སྤྱོད་ཡུལ་བ,1,0.0030350855894136215
སྲོང་,1,0.0030350855894136215
ཐོང༌,1,0.0030350855894136215
ཅེས་བྱ་བ,1,0.0030350855894136215
བོར་,1,0.0030350855894136215
ལ་ཐོད,1,0.0030350855894136215
ཏེ་ལོ་པ,1,0.0030350855894136215
ཕེབ,1,0.0030350855894136215
ནི་ཟླ་བ་,1,0.0030350855894136215
འཛུབ་,1,0.0030350855894136215
ཆིག་ཐུབ་,1,0.0030350855894136215
ས་འགའ་ཞིག་,1,0.0030350855894136215
འཕེན་པ་,1,0.0030350855894136215
རྩིང་,1,0.0030350855894136215
ཞིག་གཏན་,1,0.0030350855894136215
རྙེད་པ,1,0.0030350855894136215
གོལ་,1,0.0030350855894136215
ཏེ་རིག་པ,1,0.0030350855894136215
དེ་སྟོང་ཉིད་,1,0.0030350855894136215
བློ་ཡུལ་,1,0.0030350855894136215
ས་མཚན་ཉིད་པ་,1,0.0030350855894136215
མེད་པ་དེ,1,0.0030350855894136215
གོལ་ས་,1,0.0030350855894136215
བསྒོམ,1,0.0030350855894136215
ཤོར་བ,1,0.0030350855894136215
ལྟ་བ་དེ,1,0.0030350855894136215
སྒྲུབ་པ་སྒོམ་པ,1,0.0030350855894136215
གདམ་ངག་,1,0.0030350855894136215
ས་བདེ་,1,0.0030350855894136215
འི་ལྟ་བ་,1,0.0030350855894136215
གྱིས་མ་,1,0.0030350855894136215
རེག་པ,1,0.0030350855894136215
འདྲིས་,1,0.0030350855894136215
ནི་སྒོམ་པ་,1,0.0030350855894136215
གཞུང་ལམ་,1,0.0030350855894136215
བཞག,1,0.0030350855894136215
ས་རྐང་བཞི་,1,0.0030350855894136215
སྟོབས,1,0.0030350855894136215
ཡན་ལག་དེ་,1,0.0030350855894136215
ཅིང་མཐ,1,0.0030350855894136215
འགྲུབ་པོ,1,0.0030350855894136215
བླང་དོར་,1,0.0030350855894136215
བྲལ་པ་,1,0.0030350855894136215
སྟེ་བྱ་,1,0.0030350855894136215
བླང་བ་,1,0.0030350855894136215
དང་དགེ་བ་,1,0.0030350855894136215
དོར་བ་,1,0.0030350855894136215
དང་བྲལ་བ,1,0.0030350855894136215
དེ་འདོད་ཆགས་,1,0.0030350855894136215
དང་དགག་,1,0.0030350855894136215
འོང་ཞིང༌,1,0.0030350855894136215
དང་སྒྲུབ་,1,0.0030350855894136215
ཐར་ལམ་,1,0.0030350855894136215
ཀཱ་རི་ཀ་,1,0.0030350855894136215
ཤུ་བ,1,0.0030350855894136215
བཟའ་,1,0.0030350855894136215
བཟའ,1,0.0030350855894136215
སྲིན་བུ,1,0.0030350855894136215
བཟའ་བ,1,0.0030350855894136215
སུའངདཀྱིལ་,1,0.0030350855894136215
གསང་སྤྱོད་,1,0.0030350855894136215
དམ་སྲི་,1,0.0030350855894136215
ཞིང་སོ་སོ,1,0.0030350855894136215
གཏོག་,1,0.0030350855894136215
བར་མ་,1,0.0030350855894136215
ཡང་དགེ་བ་,1,0.0030350855894136215
སྡང་བ,1,0.0030350855894136215
ནི་དོན་སྙིང་པོ,1,0.0030350855894136215
གྱུར་པ་བསླབ་པ་,1,0.0030350855894136215
དེ་ལྟ་བ་,1,0.0030350855894136215
གཅིག་པ་སྟོང་ཉིད་,1,0.0030350855894136215
འདི་གཞན་,1,0.0030350855894136215
ཏེ་སེམས་ཉིད་,1,0.0030350855894136215
ན་ཆགས་སྡང་,1,0.0030350855894136215
དང་ཚུལ་ཁྲིམས་,1,0.0030350855894136215
མངོན་རྟོགས་གཞི་,1,0.0030350855894136215
དང་མཐར་ཐུག་,1,0.0030350855894136215
༑ཁྲིམས་,1,0.0030350855894136215
གསུང་སྐྱེས་,1,0.0030350855894136215
མངོན་མཐོ,1,0.0030350855894136215
ཏིང་,1,0.0030350855894136215
དབེན་,1,0.0030350855894136215
ནི་གཞི་,1,0.0030350855894136215
ཏེ་གཞི་,1,0.0030350855894136215
སྐྱོ་བ་མྱང་འདས་,1,0.0030350855894136215
མཐུ་,1,0.0030350855894136215
ཟེར་དགེ་རྩ་,1,0.0030350855894136215
གདུགས་,1,0.0030350855894136215
ས་ཤེས་རབ་,1,0.0030350855894136215
བཅས་པ་རྒྱུན་,1,0.0030350855894136215
དུ་སྐྱོན་ཡོན་,1,0.0030350855894136215
གྲོལ,1,0.0030350855894136215
༼༼,1,0.0030350855894136215
གཙོ,1,0.0030350855894136215
ཕྱིར་རྩ་ཤེ,1,0.0030350855894136215
སྤྲིན་དཀར་,1,0.0030350855894136215
དེ་མཚོ་,1,0.0030350855894136215
མཚོ,1,0.0030350855894136215
དུ་ཐབས་,1,0.0030350855894136215
སོགས་དེ་,1,0.0030350855894136215
ཅིང་སྐྱབས་,1,0.0030350855894136215
སུ་དཀོན་མཆོག་,1,0.0030350855894136215
ཚད་མཐར་ཐུག་,1,0.0030350855894136215
དུས་ཕྲིན་ལས་,1,0.0030350855894136215
ར་སེམས་ཅན་,1,0.0030350855894136215
ལ་ཡོན་ཏན་,1,0.0030350855894136215
སྟེ་མཐོང་ལམ་,1,0.0030350855894136215
བཅུ་གཉིས་ས་,1,0.0030350855894136215
ཁྲག་ཁྲིག་,1,0.0030350855894136215
དགུ་པ,1,0.0030350855894136215
ཀྱི་སངས་རྒྱས་,1,0.0030350855894136215
ཞིང་ཁམས་,1,0.0030350855894136215
གཡོ་བ,1,0.0030350855894136215
སྐལ་པ,1,0.0030350855894136215
གྱི་་་,1,0.0030350855894136215
ནས་ཡོན་ཏན་,1,0.0030350855894136215
ཏེ་ས་བཅུ,1,0.0030350855894136215
དང་སངས་རྒྱས་,1,0.0030350855894136215
ནས་འཕྲིན་ལས་,1,0.0030350855894136215
༑སངས་རྒྱས་,1,0.0030350855894136215
ཏེ་སོ་སྐྱེ་,1,0.0030350855894136215
ཡོན་ཏན་རྒྱ་མཚོ་,1,0.0030350855894136215
དང་བ་,1,0.0030350855894136215
རྨིག་,1,0.0030350855894136215
དེ་ཚོགས་,1,0.0030350855894136215
སྤངས་པ་,1,0.0030350855894136215
ཡིིས,1,0.0030350855894136215
དང་རྒྱུ་མ་,1,0.0030350855894136215
ར་དེ,1,0.0030350855894136215
ས་རྗེས་ཤེས་,1,0.0030350855894136215
རློམ་སེམས་,1,0.0030350855894136215
ན་ཐེག་པ་,1,0.0030350855894136215
ལྡན་པ་སངས་རྒྱས་པ,1,0.0030350855894136215
ན་དགེ་,1,0.0030350855894136215
སྣང་མེད་,1,0.0030350855894136215
ཉིད་སྒྱུ་མ,1,0.0030350855894136215
འཇའ་ཚོན་ནམ་མཁའ་,1,0.0030350855894136215
ཚེ་ནམ་མཁ,1,0.0030350855894136215
འཇའ་ཚོན་,1,0.0030350855894136215
ཁེགས་པ་,1,0.0030350855894136215
འབྲང༌,1,0.0030350855894136215
སྒམ་པོ་པ་,1,0.0030350855894136215
ངན་སོང༌,1,0.0030350855894136215
འཛེམ་,1,0.0030350855894136215
ན་མི་,1,0.0030350855894136215
མཉམ་པ་ཉིད་རྣམ་པ,1,0.0030350855894136215
ཞེས་པ་མཉམ་པ་ཉིད་,1,0.0030350855894136215
དང་རྣམ་པ,1,0.0030350855894136215
གཉིས་མི་འགལ་བ,1,0.0030350855894136215
འང་སྤྲོས་པ་,1,0.0030350855894136215
ས་རྒྱུ་འབྲས་,1,0.0030350855894136215
སྤུ་རིས་,1,0.0030350855894136215
ན་ནམ་མཁའ་,1,0.0030350855894136215
གྱུར་བ་,1,0.0030350855894136215
དེ་མཐར་ཐུག་,1,0.0030350855894136215
ཏེ་ཡུལ་,1,0.0030350855894136215
ཞིང་རྒྱུ་འབྲས་,1,0.0030350855894136215
རྐྱང་པ,1,0.0030350855894136215
ལྟ་བུ་དེ་,1,0.0030350855894136215
ས་གྲོལ་,1,0.0030350855894136215
གཉིས་རྫོགས་རིམ་,1,0.0030350855894136215
མཚན་མེད་,1,0.0030350855894136215
དང་མཚན་བཅས་,1,0.0030350855894136215
ས་ཐབས་ལམ་,1,0.0030350855894136215
ཤིང་སྐྱེས་,1,0.0030350855894136215
ཏེ་ཆུ་,1,0.0030350855894136215
ཟམ་པ་,1,0.0030350855894136215
ཡང་ཐབས་ལམ་,1,0.0030350855894136215
ཏེ་མ་,1,0.0030350855894136215
དུ་རྫུ་འཕྲུལ་,1,0.0030350855894136215
ཡ་མ་ཟུང་,1,0.0030350855894136215
ཐམས་ཅད་ཉམས་,1,0.0030350855894136215
སྟོང་ཉིད་རྒྱུ་འབྲས་,1,0.0030350855894136215
དོན་མཐུན་པ,1,0.0030350855894136215
xབློ་,1,0.0030350855894136215
གཞན་དོན,1,0.0030350855894136215
xའགྱུར་བ་,1,0.0030350855894136215
ཁུར་ཆེན་,1,0.0030350855894136215
ཁྱེར་བ་,1,0.0030350855894136215
དལ་,1,0.0030350855894136215
མཛེས,1,0.0030350855894136215
མཚན་བཅས་,1,0.0030350855894136215
༑དང་པོ་,1,0.0030350855894136215
ཞག་འགའ་,1,0.0030350855894136215
བསྒོམས,1,0.0030350855894136215
དྲག་པོ་,1,0.0030350855894136215
འབུད,1,0.0030350855894136215
སྣ་ཐུག་,1,0.0030350855894136215
རླུང༌,1,0.0030350855894136215
ལྕགས་ཀྱུ་,1,0.0030350855894136215
དགུག་པ,1,0.0030350855894136215
འཇམ་,1,0.0030350855894136215
རང་གནས་,1,0.0030350855894136215
ཚུད,1,0.0030350855894136215
དྲག་ན་,1,0.0030350855894136215
རྔུབ་པ,1,0.0030350855894136215
༑རླུང་,1,0.0030350855894136215
ན་མ,1,0.0030350855894136215
ལུག་,1,0.0030350855894136215
ཕུ,1,0.0030350855894136215
ར་ར་,1,0.0030350855894136215
བསམ,1,0.0030350855894136215
འགང་བ,1,0.0030350855894136215
ཕོ་བ,1,0.0030350855894136215
བཅུག་,1,0.0030350855894136215
རྔུབ,1,0.0030350855894136215
སེ་གོལ་,1,0.0030350855894136215
གཏོགས་པ,1,0.0030350855894136215
ཞིག,1,0.0030350855894136215
བསྡམས,1,0.0030350855894136215
གཞིལ་བ,1,0.0030350855894136215
དལ་བར་,1,0.0030350855894136215
བཏང༌,1,0.0030350855894136215
རྩལ་པོ་ཆེ་,1,0.0030350855894136215
འཕང་,1,0.0030350855894136215
སྔོ་,1,0.0030350855894136215
ཕྱུར་ཕྱུར་,1,0.0030350855894136215
བསམས,1,0.0030350855894136215
འཕངས་བ,1,0.0030350855894136215
ས་ལྷུག་པ,1,0.0030350855894136215
ས་རླུང་,1,0.0030350855894136215
རྩོལ་,1,0.0030350855894136215
འབུང་,1,0.0030350855894136215
འདོན་པ,1,0.0030350855894136215
རྩི,1,0.0030350855894136215
གཡོ་འགུལ་,1,0.0030350855894136215
ལ་འཁྲུལ་,1,0.0030350855894136215
སྐད་,1,0.0030350855894136215
ན་གནས་སྐབས་,1,0.0030350855894136215
སྣང་ཀུན་རྫོབ་པ,1,0.0030350855894136215
ཕྲན་བུ་,1,0.0030350855894136215
སྐྱེ་སྲིད་,1,0.0030350855894136215
ཀྱང་མཐར་ཐུག་,1,0.0030350855894136215
ས་ཆོད་,1,0.0030350855894136215
ཆོད་པོ་,1,0.0030350855894136215
འཆིང་བ་,1,0.0030350855894136215
དུ་ཉམས་,1,0.0030350855894136215
ལྟར་ཉམས་,1,0.0030350855894136215
སྟེ་ཚུལ་,1,0.0030350855894136215
ཤིག༑,1,0.0030350855894136215
ཧཱུཾ་,1,0.0030350855894136215
ཡིག་འབྲུ་,1,0.0030350855894136215
ནས་བླ་མ,1,0.0030350855894136215
ཡི་དམ་,1,0.0030350855894136215
ཐུགས་ཀ,1,0.0030350855894136215
རིམ་གྱིས་པ,1,0.0030350855894136215
ན་རྣལ་འབྱོར་,1,0.0030350855894136215
བོགས་,1,0.0030350855894136215
ལ་རིགས་པ་,1,0.0030350855894136215
ཆ་ལུགས་,1,0.0030350855894136215
ནས་དུར་ཁྲོད་,1,0.0030350855894136215
ཚོང་འདུས་,1,0.0030350855894136215
གླུ་གར་,1,0.0030350855894136215
འོས་པ,1,0.0030350855894136215
ཏེ་སྤང་བྱ་,1,0.0030350855894136215
ནས་ཡེ་ཤེས་,1,0.0030350855894136215
སྤྱོད་པ་སངས་རྒྱས་,1,0.0030350855894136215
འི་དགག་སྒྲུབ་,1,0.0030350855894136215
འཛིན་སྐྱོང་,1,0.0030350855894136215
སྤེལ་བ་,1,0.0030350855894136215
འང་འདི་ཉིད་,1,0.0030350855894136215
མཉམ་མེད་,1,0.0030350855894136215
ར་ཁ,1,0.0030350855894136215
འཆེ་བ,1,0.0030350855894136215
རུས་རྒྱན་,1,0.0030350855894136215
རྒྱན,1,0.0030350855894136215
ལྤགས་,1,0.0030350855894136215
དཀྲིས,1,0.0030350855894136215
གསོད་,1,0.0030350855894136215
ཅིང་ལུས་སྲོག་,1,0.0030350855894136215
དཀྲུག་,1,0.0030350855894136215
ཅིང་ཕཊ་,1,0.0030350855894136215
ཧཱུྃ་,1,0.0030350855894136215
སྒྲ,1,0.0030350855894136215
ལུང་པ་,1,0.0030350855894136215
འགེངས,1,0.0030350855894136215
ཧྲིག་ཧྲིག་,1,0.0030350855894136215
དུ་བ,1,0.0030350855894136215
བལྟ,1,0.0030350855894136215
ནས་དོན་མེད་,1,0.0030350855894136215
འཁྱམས་པ་,1,0.0030350855894136215
ཀྱི་སྤྱོད་པ་,1,0.0030350855894136215
ཕྱིར་ཚུལ་,1,0.0030350855894136215
མེད་རྟོགས་པ་,1,0.0030350855894136215
སྟེ་ཟ་ཉལ་,1,0.0030350855894136215
འཆག་,1,0.0030350855894136215
མ་གཏོགས་བདེ་སྡུག་,1,0.0030350855894136215
ཞུམ་,1,0.0030350855894136215
ཁེངས་མེད་པ་ཤིང་ལོ་,1,0.0030350855894136215
ཁྱེར་,1,0.0030350855894136215
ན་ཉན་རང་,1,0.0030350855894136215
ལག་མཐིལ་,1,0.0030350855894136215
སྤུ་ཉག་,1,0.0030350855894136215
རྫ་བུམ་,1,0.0030350855894136215
ཆགས་པ,1,0.0030350855894136215
ས་གནོད་སྦྱིན་,1,0.0030350855894136215
ས་ཤིང་,1,0.0030350855894136215
མེ་ཏོག་མ་,1,0.0030350855894136215
དང་རྣམ་སྨིན་,1,0.0030350855894136215
ནས་ཚད་,1,0.0030350855894136215
མཁྱེན་པ་བྲལ་བ,1,0.0030350855894136215
གཟུགསུ་,1,0.0030350855894136215
དགྲ,1,0.0030350855894136215
སྐྱེས་བུ་,1,0.0030350855894136215
དོན་དམ་པ་,1,0.0030350855894136215
དང་རྟོགས་,1,0.0030350855894136215
གང་ཡོད་པ,1,0.0030350855894136215
ས་ཆོས་སྐུ་,1,0.0030350855894136215
ཆ་ཤས་,1,0.0030350855894136215
དབྱེ་བ,1,0.0030350855894136215
དེ་དོན་དམ་,1,0.0030350855894136215
མེད་མཉམ་པ་ཉིད་,1,0.0030350855894136215
ན་དོན་དམ་པ་,1,0.0030350855894136215
བྲལ,1,0.0030350855894136215
འགྲོ་མེད་པ,1,0.0030350855894136215
ཟླ་གྲགས་,1,0.0030350855894136215
ཐལ་འགྱུར་བ་,1,0.0030350855894136215
འགའ་ཞིག་རྒྱུན་མཐ,1,0.0030350855894136215
ཡན་ཆད་,1,0.0030350855894136215
ས་གཉེན་པོ་,1,0.0030350855894136215
དེ་ཤིང་,1,0.0030350855894136215
སྐམ་པོ་,1,0.0030350855894136215
བསྲེགས་པ,1,0.0030350855894136215
འགགས་པ་,1,0.0030350855894136215
ལེགས་ལྡན་,1,0.0030350855894136215
རང་རྒྱུད་པ་,1,0.0030350855894136215
ནི་མཐར་ཐུག་,1,0.0030350855894136215
འདོམ་,1,0.0030350855894136215
འམ་མཚོན་,1,0.0030350855894136215
ཟོས་པ་,1,0.0030350855894136215
ཀྱང་འཁོར་བ་,1,0.0030350855894136215
བཞི་བརྒྱ་པ,1,0.0030350855894136215
ཧྲུལ་པོ,1,0.0030350855894136215
ན་ཡང་,1,0.0030350855894136215
ཏེ་འཁོར་འདས་,1,0.0030350855894136215
ལུས་པ་,1,0.0030350855894136215
༑སྒྱུ་མ་,1,0.0030350855894136215
འཁྲུལ་ཤེས་,1,0.0030350855894136215
ཆུད,1,0.0030350855894136215
རྣམ་གྲོལ་བ,1,0.0030350855894136215
ར་མ་,1,0.0030350855894136215
བཞིིན་ཁམས་,1,0.0030350855894136215
གཉིས་ཚད་,1,0.0030350855894136215
ཡིད་དཔྱོད,1,0.0030350855894136215
ལོག་ཤེས,1,0.0030350855894136215
བཅད་ཤེས,1,0.0030350855894136215
ལྔ་་,1,0.0030350855894136215
སྟེ་བདུན་,1,0.0030350855894136215
གསུསངས་པ,1,0.0030350855894136215
༑ཐོ་,1,0.0030350855894136215
ཕན་ཆད་ཐུགས་,1,0.0030350855894136215
ལ་གཉིས་པ་,1,0.0030350855894136215
བཅད་ཤེས་,1,0.0030350855894136215
ཆོད་པ་,1,0.0030350855894136215
ས་ཚད་མ,1,0.0030350855894136215
རྣམས་རྟག་,1,0.0030350855894136215
ན་མཉམ་པ་,1,0.0030350855894136215
ལག་,1,0.0030350855894136215
དབར་,1,0.0030350855894136215
ལྟུང་བཤགས་,1,0.0030350855894136215
ཉིན་མཚན་,1,0.0030350855894136215
དོ་ཞེས་,1,0.0030350855894136215
ཅིང་སྤྲོས་པ,1,0.0030350855894136215
བྲལ་བ་ཟབ་མོ་,1,0.0030350855894136215
ལ་མཐའ་,1,0.0030350855894136215
མ་ཟད་ལམ་,1,0.0030350855894136215
འཆང་བ,1,0.0030350855894136215
འདས,1,0.0030350855894136215
ཀྱི་གཞི་,1,0.0030350855894136215
མཁྱེན་པ་དེ་,1,0.0030350855894136215
ནི་རྟག་ཆད་,1,0.0030350855894136215
ངན་འགྲོ་,1,0.0030350855894136215
ཐལ་འགྱུར་བ,1,0.0030350855894136215
རྒྱ་ཆད,1,0.0030350855894136215
ཉན་ཐོས་པ,1,0.0030350855894136215
ཆད་ལྟ་བ,1,0.0030350855894136215
ཤི་ཆད,1,0.0030350855894136215
ཕྱལ་,1,0.0030350855894136215
རྫོགས་ཆེན་པ,1,0.0030350855894136215
དཔག་པ་,1,0.0030350855894136215
སྐུར་བ་,1,0.0030350855894136215
འདེབས་པ་འདི་,1,0.0030350855894136215
བགབ་པ,1,0.0030350855894136215
ཉོན་སྒྲིབ,1,0.0030350855894136215
མཐརཤེས་,1,0.0030350855894136215
ཉོན་མོངས,1,0.0030350855894136215
སྒོམ་ལམ་,1,0.0030350855894136215
སྐུ་བསོད,1,0.0030350855894136215
ཅི་ཕྱིར,1,0.0030350855894136215
སྐབས་འདུ་ཤེས་,1,0.0030350855894136215
ས་ནམ་མཁའ་,1,0.0030350855894136215
ལྡིང་,1,0.0030350855894136215
མཆོད་སྡོང་,1,0.0030350855894136215
དང་ནོར་བུ་,1,0.0030350855894136215
དཔག་བསམ་,1,0.0030350855894136215
བཞིན་གདུལ་བྱ,1,0.0030350855894136215
ས་སྤྲོས་བྲལ་,1,0.0030350855894136215
ཅན་རྣམ་,1,0.0030350855894136215
ཞིང་རྗེས་སུ་,1,0.0030350855894136215
ཐོག་པ,1,0.0030350855894136215
དཔའ་བོ,1,0.0030350855894136215
ས་ལེ,1,0.0030350855894136215
མཁྱེན,1,0.0030350855894136215
༑ཡེ་ཤེས་,1,0.0030350855894136215
ལམ་མེ་བ,1,0.0030350855894136215
དུ་ཐལ,1,0.0030350855894136215
འབར་བ,1,0.0030350855894136215
ངམ་གྲོག,1,0.0030350855894136215
བེམ་བོ,1,0.0030350855894136215
༑འོ་ན་,1,0.0030350855894136215
གསུངས་བ་,1,0.0030350855894136215
ཡང་ཕྱི་དོན་,1,0.0030350855894136215
ས་ཚེས་,1,0.0030350855894136215
ཉ,1,0.0030350855894136215
བཞིན་ས་བཅུ་,1,0.0030350855894136215
ས་རྒྱུ་རྐྱེན་,1,0.0030350855894136215
ཏེ་བྱང་ཆུབ་པ་,1,0.0030350855894136215
༑དེ་ལྟར་,1,0.0030350855894136215
འཁོར་ལོ་སེམས་ཅན་,1,0.0030350855894136215
མཉམ་པ་ཕྱི་མ,1,0.0030350855894136215
མུ,1,0.0030350855894136215
མཐར་ཐུག་ཆོས་སྐུ,1,0.0030350855894136215
ན་རྒྱུན་,1,0.0030350855894136215
ཅིང་ཆད་ལྟ་བ་,1,0.0030350855894136215
ཁྱད་མེད་པ,1,0.0030350855894136215
དུ་རྒྱུ་,1,0.0030350855894136215
ན་རྒྱུ་ལ་,1,0.0030350855894136215
ཆོས་ཅན་འབྲས་བུ་,1,0.0030350855894136215
སྐུ,1,0.0030350855894136215
ས་གཞན་དོན་,1,0.0030350855894136215
ཞིང་མྱ་ངན་,1,0.0030350855894136215
མཇལ་བ་,1,0.0030350855894136215
ད་དུང་,1,0.0030350855894136215
ཆོག་པ,1,0.0030350855894136215
གསལ,1,0.0030350855894136215
འཕྲུལ,1,0.0030350855894136215
ཕྲ་རབ་,1,0.0030350855894136215
བདོག་པ,1,0.0030350855894136215
མཆོག་རབ་,1,0.0030350855894136215
བསྐལ་པ,1,0.0030350855894136215
དེ་སྙེད་,1,0.0030350855894136215
ལགས་སོ,1,0.0030350855894136215
མ་མ་,1,0.0030350855894136215
ཁ་ཟས་,1,0.0030350855894136215
ནང་མི་,1,0.0030350855894136215
ཟོས་,1,0.0030350855894136215
ཉེན་པ,1,0.0030350855894136215
༎དེས་ན་,1,0.0030350855894136215
ཞི,1,0.0030350855894136215
ན་བ,1,0.0030350855894136215
ཞིང་དེ་,1,0.0030350855894136215
ཐུགས་བསྐྱེད་མངོན་,1,0.0030350855894136215
དགའ་སྟོན་,1,0.0030350855894136215
སྒྲ་སྙན་,1,0.0030350855894136215
དང་སྐུ,1,0.0030350855894136215
བཞུགས་པ,1,0.0030350855894136215
ར་ལན་,1,0.0030350855894136215
ལྗོན་,1,0.0030350855894136215
རྙོག་པ་,1,0.0030350855894136215
སྤྲོས་མེད་,1,0.0030350855894136215
ཅིང་གདུལ་བྱ་,1,0.0030350855894136215
དང་ཡང་འཇུག་པ་,1,0.0030350855894136215
བཟང་བ་,1,0.0030350855894136215
ཐ་ན་,1,0.0030350855894136215
ཏེ་གདུལ་བྱ,1,0.0030350855894136215
དང་ཡིད་,1,0.0030350855894136215
སྙེད་པ་དེ་སྙེད་,1,0.0030350855894136215
ཞ་བོ་,1,0.0030350855894136215
ཞ་པོ་,1,0.0030350855894136215
བྱིས་,1,0.0030350855894136215
ནུས,1,0.0030350855894136215
ཐུགས་སེམས་,1,0.0030350855894136215
ཏེ་རྣམ་མཁྱེན་,1,0.0030350855894136215
རྡོེ,1,0.0030350855894136215
མཱི་,1,0.0030350855894136215
ཀུན་དགའ་བོ་,1,0.0030350855894136215
དང་ཁ་,1,0.0030350855894136215
གཞལ་མེད་,1,0.0030350855894136215
ཁང་པ་,1,0.0030350855894136215
དང་སྤྲུལ་པ་,1,0.0030350855894136215
བར་སྣང་,1,0.0030350855894136215
བྲག་ཆ་,1,0.0030350855894136215
སྨིག་རྒྱུ་,1,0.0030350855894136215
ཡི་གེ,1,0.0030350855894136215
བརྗེད་པ་,1,0.0030350855894136215
འཁྲུལ་པ་,1,0.0030350855894136215
དཔྱོད་པ་བ་,1,0.0030350855894136215
སྣང་བ་འདི་,1,0.0030350855894136215
དང་ཕ་རོལ་,1,0.0030350855894136215
འབྱིན་པ་,1,0.0030350855894136215
ལ་ཐབས་མཁས་པ,1,0.0030350855894136215
སྣེར་,1,0.0030350855894136215
བཏང་བ་སེམ་,1,0.0030350855894136215
ཀུན་འགྲོ་བ་,1,0.0030350855894136215
ར་མཐའ་ཡས་པ,1,0.0030350855894136215
ཤིང་འདོད་ཆགས་,1,0.0030350855894136215
༑སོ,1,0.0030350855894136215
ཡང་ཡང་,1,0.0030350855894136215
དག་སྦྱོར་བ,1,0.0030350855894136215
མུན་པ,1,0.0030350855894136215
སྙིང་སྟོབས་,1,0.0030350855894136215
ཀུན་འགྲོ་,1,0.0030350855894136215
བར,1,0.0030350855894136215
དེ་བདེ་བ,1,0.0030350855894136215
བྱང་ཆུབ་པ་,1,0.0030350855894136215
ས་ཚད་,1,0.0030350855894136215
འདོད་པ་ཤེར་ཕྱིན་,1,0.0030350855894136215
དུ་གླིང་བཞི་,1,0.0030350855894136215
འབྱུང་གནས,1,0.0030350855894136215
ས་འཁོར་ལོ,1,0.0030350855894136215
ཆུང་བ,1,0.0030350855894136215
ཏེ་ཕལ་ཆེན་,1,0.0030350855894136215
ཀྱི་རྡུལ་,1,0.0030350855894136215
གནད་ཕྱིས་,1,0.0030350855894136215
སྐྱེས་སྟོབས་,1,0.0030350855894136215
༡༢,1,0.0030350855894136215
བཟོ་,1,0.0030350855894136215
སྒྱེ་བ་,1,0.0030350855894136215
བྱུང་བ་བསྟན་པ,1,0.0030350855894136215
བརྟུལ་བ,1,0.0030350855894136215
སྨད་,1,0.0030350855894136215
ཀྱང་རྣམ་འཕྲུལ་,1,0.0030350855894136215
ཞིང་དགེ་,1,0.0030350855894136215
ན་ཕུར་བུ་པ,1,0.0030350855894136215
བརྟེན་་,1,0.0030350855894136215
མཇའ་,1,0.0030350855894136215
བབ་པ་,1,0.0030350855894136215
སྙོམས་པར་,1,0.0030350855894136215
རྒྱུད་པ,1,0.0030350855894136215
ཀྱང་གདུལ་བྱ,1,0.0030350855894136215
ཐུགས་དམ་,1,0.0030350855894136215
འཛོམས་,1,0.0030350855894136215
བཻཌཱུར་,1,0.0030350855894136215
ལྷ་དབང་,1,0.0030350855894136215
པི་ཝང་,1,0.0030350855894136215
དབྱེན་,1,0.0030350855894136215
དང་སྐུ་,1,0.0030350855894136215
རྣམས་སངས་རྒྱས་,1,0.0030350855894136215
འི་སེམས་ཅན་,1,0.0030350855894136215
ལ་འདོད་འདུན་,1,0.0030350855894136215
ཕྱིར་སྨོན་པ་,1,0.0030350855894136215
འབྱུང་བ་ཆོས་དབྱིངས་,1,0.0030350855894136215
སྐུ་རྟེན་,1,0.0030350855894136215
རྫ་མཁན་,1,0.0030350855894136215
ཡང་པ,1,0.0030350855894136215
ལྟར་སངས་རྒྱས་,1,0.0030350855894136215
ལ་ཆོས་,1,0.0030350855894136215
ལ་སོ་སོ་,1,0.0030350855894136215
གཙང་བ་,1,0.0030350855894136215
བདག,1,0.0030350855894136215
དེ་ཉིད་མཚན་,1,0.0030350855894136215
བརྒྱན་པ་,1,0.0030350855894136215
རྣམ་ཐར་,1,0.0030350855894136215
རྣམས་མཛད་པ་,1,0.0030350855894136215
བཞིན་མྱ་ངན་,1,0.0030350855894136215
བར་མཐའ་ཡས་པ,1,0.0030350855894136215
ནས་ད་,1,0.0030350855894136215
ཐུགས་ལས་,1,0.0030350855894136215
ཆུང་ངུ,1,0.0030350855894136215
སྒྲོན་མེ་,1,0.0030350855894136215
གནས་པ་ཡང་དག་པ,1,0.0030350855894136215
མེད་པ་སེམས་ཅན་,1,0.0030350855894136215
ནི་སེམས་ཅན་,1,0.0030350855894136215
ཅིང་རྟོག་གེ་བ་,1,0.0030350855894136215
ངན་པ་,1,0.0030350855894136215
ཁྲེལ་བ,1,0.0030350855894136215
འཕྲིན་ལས་,1,0.0030350855894136215
གནད་དོན་,1,0.0030350855894136215
ཚོམ་,1,0.0030350855894136215
ན་ཕ་,1,0.0030350855894136215
འབྱོར་བ་གཞན་,1,0.0030350855894136215
སྨྲས་པ་,1,0.0030350855894136215
ལྟར་ཚད་མ་,1,0.0030350855894136215
ཁྱད་པར་ཅན་,1,0.0030350855894136215
ཀྱང་སུ,1,0.0030350855894136215
གསོན་པ,1,0.0030350855894136215
ཁྱད་ནོར་,1,0.0030350855894136215
ནོར་བུ,1,0.0030350855894136215
དག་སྔོན་,1,0.0030350855894136215
ཐོས་པ་དེ་,1,0.0030350855894136215
མཚུངས་མེད་ཆོས་,1,0.0030350855894136215
ཏེ་དོན་,1,0.0030350855894136215
འདི་དག་གངས་ཅན་,1,0.0030350855894136215
ཞིག་ཕྱི་དུས་,1,0.0030350855894136215
མཛད་པ་རྗེས་,1,0.0030350855894136215
འབྲངས་,1,0.0030350855894136215
ནི་དེ་,1,0.0030350855894136215
མཚུངས་པ་,1,0.0030350855894136215
ལྡན་པ་ཕ་,1,0.0030350855894136215
འཚོབ་པ,1,0.0030350855894136215
ན་རྗེའི་,1,0.0030350855894136215
སྨོད,1,0.0030350855894136215
མ་སྨད་པ,1,0.0030350855894136215
གཡང་ས་,1,0.0030350855894136215
འབྲང་གང་,1,0.0030350855894136215
འབྲངས་པ,1,0.0030350855894136215
ས་ལོག་པ,1,0.0030350855894136215
སྨོད་པ,1,0.0030350855894136215
བྱེད་པ་ཁམས་,1,0.0030350855894136215
རིན་པོ་ཆེ་སྲིད་པ་,1,0.0030350855894136215
ལྡན་པ་དེ་,1,0.0030350855894136215
ཐུགས་དགོངས་,1,0.0030350855894136215
སྤུ་གྲི,1,0.0030350855894136215
ཕྱི་མཐ,1,0.0030350855894136215
ན་ངོ་མཚར་,1,0.0030350855894136215
ཆོས་མཛད་སྐྱེས་བུ་,1,0.0030350855894136215
རིགས་རུས་,1,0.0030350855894136215
འཁྲུངས་པ,1,0.0030350855894136215
ནི་ཡོན་ཏན་,1,0.0030350855894136215
དུ་བསྟན་པ,1,0.0030350855894136215
ཞུགས་ཀུན་,1,0.0030350855894136215
མཛེས་,1,0.0030350855894136215
ཤིང་ལྷག་པ་,1,0.0030350855894136215
གམ,1,0.0030350855894136215
འབྱུང་བ་འཁོར་འདས་,1,0.0030350855894136215
ས་དེ་ཕྱིར་,1,0.0030350855894136215
ངན་པ,1,0.0030350855894136215
བག་ཚ་,1,0.0030350855894136215
བ་སྤུ་,1,0.0030350855894136215
དང་རིགས་ཅན་,1,0.0030350855894136215
བསྟན་པ་དམན་པ་,1,0.0030350855894136215
ལ་མོ,1,0.0030350855894136215
ཕྱེས་,1,0.0030350855894136215
ཏེ་བསྟན་པ,1,0.0030350855894136215
བྱང༌ཆུབ་,1,0.0030350855894136215
ཅིང་སྙན་པ་,1,0.0030350855894136215
འབྲུག་སྒྲ་,1,0.0030350855894136215
སྒྲོགས་པ,1,0.0030350855894136215
ཆོས་ཐུན་,1,0.0030350855894136215
མཉམ་པ་ཉིད་སྦྲང་རྩི་,1,0.0030350855894136215
ཅིང་རྗོད་,1,0.0030350855894136215
ལྟར་ཤིན་ཏུ་,1,0.0030350855894136215
ཡངས་པ,1,0.0030350855894136215
སྐྲ,1,0.0030350855894136215
ཐིག་,1,0.0030350855894136215
སྨྲས་པ་འདི་,1,0.0030350855894136215
བསོད་སྙོམས་,1,0.0030350855894136215
འཚོ་བ,1,0.0030350855894136215
བན་དེ་,1,0.0030350855894136215
ལྡོམ་བུ་པ་,1,0.0030350855894136215
འབྱུང་གནས་,1,0.0030350855894136215
བྲིས་,1,0.0030350855894136215
འཁོར་གསུམ་,1,0.0030350855894136215
གང་ཞིག་ཇི་ལྟར་,1,0.0030350855894136215
དག་པ་གངས་,1,0.0030350855894136215
མུ་མེད་པ་ཕྱི་མ,1,0.0030350855894136215
རྩ་བ་མི་,1,0.0030350855894136215
གཏི་མུག་གློ་བུར་པ,1,0.0030350855894136215
དང་ཡེ་ཤེས་,1,0.0030350855894136215
ཤོག་,1,0.0030350855894136215
བཤེར་,1,0.0030350855894136215
དེ་ཉིད་འབྲི་གུང་,1,0.0030350855894136215
རྣམ་རྒྱལ་,1,0.0030350855894136215
འཟང་པོ,1,0.0030350855894136215
ས་ཚིག་,1,0.0030350855894136215
ལྡེབས་པ་,1,0.0030350855894136215
ས་སླར་,1,0.0030350855894136215
དཀྱུས་,1,0.0030350855894136215
བསྒྲིགས་,1,0.0030350855894136215
ནས་མཆན་,1,0.0030350855894136215
བཀྲལ་བ་སྔོན་བྱོན་,1,0.0030350855894136215
སྐྱེས་ཆེན་,1,0.0030350855894136215
ཤཱཀྱའི་,1,0.0030350855894136215
ཐོར་བུ,1,0.0030350855894136215
སྡེབས་པ་,1,0.0030350855894136215
ཏེ་སྙིགས་དུས་,1,0.0030350855894136215
ལྡོམ་བུ་བ་,1,0.0030350855894136215
གྱིས་མང་ཡུལ་,1,0.0030350855894136215
ལ་དྭགས་,1,0.0030350855894136215
སྒང་,1,0.0030350855894136215
བཀྲཤིས་,1,0.0030350855894136215
ཆོས་རྫོང་,1,0.0030350855894136215
དུ་འབྱུང་བ་,1,0.0030350855894136215
ལྡན་ས་མོ་,1,0.0030350855894136215
བྱ་ལོ,1,0.0030350855894136215
གསོ་དཔྱད་,1,0.0030350855894136215
རྒྱ་རྩིས་,1,0.0030350855894136215
སྐར་རྩིས་,1,0.0030350855894136215
གྲོ་ཞིན་ཟླ་བ་,1,0.0030350855894136215
མར་ངོ,1,0.0030350855894136215
ཚེས་,1,0.0030350855894136215
༡༣,1,0.0030350855894136215
བྲིས་པ་,1,0.0030350855894136215
དགེ་ལེགས་,1,0.0030350855894136215
འཕེལ,1,0.0030350855894136215
